country,index,EDI
Brazil,2008-01-01,2.375690565448833
Brazil,2008-02-01,2.556432580860953
Brazil,2008-03-01,2.6233446942416627
Brazil,2008-04-01,2.859230351475544
Brazil,2008-05-01,3.352902013259447
Brazil,2008-06-01,3.195717450542087
Brazil,2008-07-01,2.8255740588779386
Brazil,2008-08-01,2.7070756125894118
Brazil,2008-09-01,2.1582133102147507
Brazil,2008-10-01,1.230601146073601
Brazil,2008-11-01,1.0401546394028
Brazil,2008-12-01,1.0345994837220494
Brazil,2009-01-01,0.9661032905323967
Brazil,2009-02-01,1.0366566091131537
Brazil,2009-03-01,0.988443085614688
Brazil,2009-04-01,1.2388604553992995
Brazil,2009-05-01,1.582492412827782
Brazil,2009-06-01,1.801430892018133
Brazil,2009-07-01,1.862580037776362
Brazil,2009-08-01,2.137919806237889
Brazil,2009-09-01,2.3202761739496385
Brazil,2009-10-01,2.7318729569717064
Brazil,2009-11-01,2.8339138368826067
Brazil,2009-12-01,2.843932928143558
Brazil,2010-01-01,2.981259865020995
Brazil,2010-02-01,2.822121992911878
Brazil,2010-03-01,3.07724019807746
Brazil,2010-04-01,3.283245709277157
Brazil,2010-05-01,2.859770366804254
Brazil,2010-06-01,2.9340273375782004
Brazil,2010-07-01,3.080053906771239
Brazil,2010-08-01,3.2486737011368176
Brazil,2010-09-01,3.4556856303739685
Brazil,2010-10-01,3.720268800744643
Brazil,2010-11-01,3.664538187384944
Brazil,2010-12-01,3.5917278057837283
Brazil,2011-01-01,3.7268757754547543
Brazil,2011-02-01,3.591480557703319
Brazil,2011-03-01,3.7037712601627137
Brazil,2011-04-01,3.927739405074582
Brazil,2011-05-01,3.7016374745262226
Brazil,2011-06-01,3.677361928088681
Brazil,2011-07-01,3.6717635096129335
Brazil,2011-08-01,3.2872921959172903
Brazil,2011-09-01,3.122203934693646
Brazil,2011-10-01,3.18279202571558
Brazil,2011-11-01,3.2925996716284125
Brazil,2011-12-01,3.26131246472931
Brazil,2012-01-01,3.5579577347203544
Brazil,2012-02-01,3.882666672978855
Brazil,2012-03-01,3.8340643249477
Brazil,2012-04-01,3.6333509921791407
Brazil,2012-05-01,3.251872828111047
Brazil,2012-06-01,3.0862367061891085
Brazil,2012-07-01,3.162036580082489
Brazil,2012-08-01,3.3000564067999423
Brazil,2012-09-01,3.3768036730145266
Brazil,2012-10-01,3.3678324832011914
Brazil,2012-11-01,3.269073455335153
Brazil,2012-12-01,3.312055429478505
Brazil,2013-01-01,3.514949885627949
Brazil,2013-02-01,3.4250356933040447
Brazil,2013-03-01,3.394665287773971
Brazil,2013-04-01,3.334039730604994
Brazil,2013-05-01,3.336315705899816
Brazil,2013-06-01,3.0134537217778656
Brazil,2013-07-01,2.965298516627481
Brazil,2013-08-01,3.01590885902668
Brazil,2013-09-01,3.205096104569236
Brazil,2013-10-01,3.391102874781895
Brazil,2013-11-01,3.2683830614534473
Brazil,2013-12-01,3.2021816156348955
Brazil,2014-01-01,3.1291792950599273
Brazil,2014-02-01,3.083895470144203
Brazil,2014-03-01,3.090480036279166
Brazil,2014-04-01,3.4468783456275496
Brazil,2014-05-01,3.5092659336604175
Brazil,2014-06-01,3.5308039270324993
Brazil,2014-07-01,3.7161101452779772
Brazil,2014-08-01,3.736103854176541
Brazil,2014-09-01,3.6940526319263856
Brazil,2014-10-01,3.538920504685443
Brazil,2014-11-01,3.444641751032581
Brazil,2014-12-01,3.269881668809969
Brazil,2015-01-01,3.265185133993734
Brazil,2015-02-01,3.1860281142003726
Brazil,2015-03-01,3.030470072370532
Brazil,2015-04-01,3.249158957552965
Brazil,2015-05-01,3.2338422699395704
Brazil,2015-06-01,3.10480375378182
Brazil,2015-07-01,3.028748578674417
Brazil,2015-08-01,2.7949200045656983
Brazil,2015-09-01,2.6145469524799054
Brazil,2015-10-01,2.6045479042465445
Brazil,2015-11-01,2.5836946920321004
Brazil,2015-12-01,2.5133301446150504
Brazil,2016-01-01,2.347685029357212
Brazil,2016-02-01,2.3607769465794153
Brazil,2016-03-01,2.552714024945973
Brazil,2016-04-01,2.683915894431231
Brazil,2016-05-01,2.6376066649210657
Brazil,2016-06-01,2.61494638033322
Brazil,2016-07-01,2.792139426916078
Brazil,2016-08-01,2.843207145601532
Brazil,2016-09-01,2.803522731311382
Brazil,2016-10-01,2.975085225222019
Brazil,2016-11-01,2.8554623069066096
Brazil,2016-12-01,2.737443106545303
Brazil,2017-01-01,2.964431850765573
Brazil,2017-02-01,3.0757872421792936
Brazil,2017-03-01,3.0305122186048083
Brazil,2017-04-01,3.0798296964222565
Brazil,2017-05-01,3.071734987980941
Brazil,2017-06-01,2.964034130892248
Brazil,2017-07-01,3.1967350776468777
Brazil,2017-08-01,3.334129259372643
Brazil,2017-09-01,3.484522252667233
Brazil,2017-10-01,3.6246189132154325
Brazil,2017-11-01,3.5277130461597856
Brazil,2017-12-01,3.542543169221938
Brazil,2018-01-01,3.8718978075770423
Brazil,2018-02-01,3.9412945102208634
Brazil,2018-03-01,3.9320302082379666
Brazil,2018-04-01,4.012096475778559
Brazil,2018-05-01,3.831562588122834
Brazil,2018-06-01,3.5714530336464563
Brazil,2018-07-01,3.7538936154082503
Brazil,2018-08-01,3.7348389906869315
Brazil,2018-09-01,3.6676306320658267
Brazil,2018-10-01,4.013783048972073
Brazil,2018-11-01,4.047567019915508
Brazil,2018-12-01,3.9949226842816903
Brazil,2019-01-01,4.304108616070138
Brazil,2019-02-01,4.362509329100689
Brazil,2019-03-01,4.316297090038432
Brazil,2019-04-01,4.3834138577573825
Brazil,2019-05-01,4.31341418387311
Brazil,2019-06-01,4.480916854104345
Brazil,2019-07-01,4.7217494421475195
Brazil,2019-08-01,4.512329839178157
Brazil,2019-09-01,4.509126060461508
Brazil,2019-10-01,4.6307457034818835
Brazil,2019-11-01,4.691189342284913
Brazil,2019-12-01,4.83406612705118
Brazil,2020-01-01,4.838882478490152
Brazil,2020-02-01,4.678294216726481
Brazil,2020-03-01,3.9481460041159173
Brazil,2020-04-01,3.6933184245185
Brazil,2020-05-01,3.6079449602586844
Brazil,2020-06-01,3.8898648130261364
Brazil,2020-07-01,3.947158245778169
Canada,2008-01-01,4.097091605716397
Canada,2008-02-01,4.173684911920052
Canada,2008-03-01,4.1050548180059625
Canada,2008-04-01,4.317323723061985
Canada,2008-05-01,4.555872938920997
Canada,2008-06-01,4.5183350850397535
Canada,2008-07-01,4.2433928261377005
Canada,2008-08-01,4.0372916896208615
Canada,2008-09-01,3.7980245608620358
Canada,2008-10-01,2.752079727909572
Canada,2008-11-01,2.4491580865070555
Canada,2008-12-01,2.254104345121016
Canada,2009-01-01,2.2097391106727144
Canada,2009-02-01,1.9854638591228981
Canada,2009-03-01,1.9179643923114005
Canada,2009-04-01,2.120925789213236
Canada,2009-05-01,2.3905879549808216
Canada,2009-06-01,2.499752533111346
Canada,2009-07-01,2.525781641847967
Canada,2009-08-01,2.7223228536778947
Canada,2009-09-01,2.8960093065524566
Canada,2009-10-01,3.0618686031445357
Canada,2009-11-01,3.0667043193697094
Canada,2009-12-01,3.1149153444278763
Canada,2010-01-01,3.242182581442347
Canada,2010-02-01,3.1702718698724452
Canada,2010-03-01,3.3964933300338074
Canada,2010-04-01,3.60514559867128
Canada,2010-05-01,3.4242563830323274
Canada,2010-06-01,3.40881030414868
Canada,2010-07-01,3.403116353210772
Canada,2010-08-01,3.448585954613499
Canada,2010-09-01,3.5837619410487864
Canada,2010-10-01,3.852390784392668
Canada,2010-11-01,3.9736670818582884
Canada,2010-12-01,4.101976746637941
Canada,2011-01-01,4.187492916787038
Canada,2011-02-01,4.3480431834431705
Canada,2011-03-01,4.396707179169573
Canada,2011-04-01,4.586284277610542
Canada,2011-05-01,4.467052473008081
Canada,2011-06-01,4.297353229226868
Canada,2011-07-01,4.4966100547509456
Canada,2011-08-01,4.149647416933391
Canada,2011-09-01,4.001070697528778
Canada,2011-10-01,3.9807039320973083
Canada,2011-11-01,3.975923166103506
Canada,2011-12-01,3.948185839453645
Canada,2012-01-01,4.168959623485449
Canada,2012-02-01,4.29423390416413
Canada,2012-03-01,4.3151526097321025
Canada,2012-04-01,4.286176781779808
Canada,2012-05-01,4.085173229089754
Canada,2012-06-01,4.026680360996243
Canada,2012-07-01,4.130101210820623
Canada,2012-08-01,4.28905695211364
Canada,2012-09-01,4.417618640833364
Canada,2012-10-01,4.428598644118672
Canada,2012-11-01,4.382259871034668
Canada,2012-12-01,4.44054463216766
Canada,2013-01-01,4.63983053996288
Canada,2013-02-01,4.598981789766636
Canada,2013-03-01,4.528861522031145
Canada,2013-04-01,4.483436196944314
Canada,2013-05-01,4.567064719989826
Canada,2013-06-01,4.4230960307004
Canada,2013-07-01,4.537444018500455
Canada,2013-08-01,4.586875265562366
Canada,2013-09-01,4.672700495609613
Canada,2013-10-01,4.825959675189932
Canada,2013-11-01,4.8728303493162155
Canada,2013-12-01,4.77943918695081
Canada,2014-01-01,4.820712366347257
Canada,2014-02-01,4.843681661338557
Canada,2014-03-01,4.903989340366623
Canada,2014-04-01,5.118520983942185
Canada,2014-05-01,5.197491601629624
Canada,2014-06-01,5.298857649616853
Canada,2014-07-01,5.510849987799769
Canada,2014-08-01,5.492281781891025
Canada,2014-09-01,5.469162815187715
Canada,2014-10-01,5.277776325464803
Canada,2014-11-01,5.3277002640395175
Canada,2014-12-01,5.152277955580949
Canada,2015-01-01,5.093914227851965
Canada,2015-02-01,5.113183723806177
Canada,2015-03-01,5.0366828819012746
Canada,2015-04-01,5.289385189272805
Canada,2015-05-01,5.292202916957649
Canada,2015-06-01,5.165730108919588
Canada,2015-07-01,5.027064277951556
Canada,2015-08-01,4.841877761943211
Canada,2015-09-01,4.693402688019944
Canada,2015-10-01,4.8124348211592665
Canada,2015-11-01,4.688557219392726
Canada,2015-12-01,4.544824576014719
Canada,2016-01-01,4.336497880090501
Canada,2016-02-01,4.4353977213991875
Canada,2016-03-01,4.722384988602954
Canada,2016-04-01,4.952414787218354
Canada,2016-05-01,4.998353704765147
Canada,2016-06-01,5.064966613132199
Canada,2016-07-01,5.1510738249334
Canada,2016-08-01,5.2276595104733055
Canada,2016-09-01,5.19212623169614
Canada,2016-10-01,5.255830503981629
Canada,2016-11-01,5.232952870154332
Canada,2016-12-01,5.342915549425966
Canada,2017-01-01,5.53798718195195
Canada,2017-02-01,5.606185772224952
Canada,2017-03-01,5.5004438591619955
Canada,2017-04-01,5.61153874318526
Canada,2017-05-01,5.533558484737595
Canada,2017-06-01,5.598620812677023
Canada,2017-07-01,5.835436444103829
Canada,2017-08-01,5.878249116039015
Canada,2017-09-01,5.980628863998964
Canada,2017-10-01,6.1449826275433725
Canada,2017-11-01,6.175344839442085
Canada,2017-12-01,6.2125544987366474
Canada,2018-01-01,6.439636145267876
Canada,2018-02-01,6.234890793927944
Canada,2018-03-01,6.156934649909141
Canada,2018-04-01,6.314938266811984
Canada,2018-05-01,6.4035406766970056
Canada,2018-06-01,6.379882320342688
Canada,2018-07-01,6.547502219271385
Canada,2018-08-01,6.518586575247875
Canada,2018-09-01,6.494217307465352
Canada,2018-10-01,6.4369852901610365
Canada,2018-11-01,6.365942483649272
Canada,2018-12-01,6.179322123501695
Canada,2019-01-01,6.375596904931546
Canada,2019-02-01,6.551479847351851
Canada,2019-03-01,6.589609185282924
Canada,2019-04-01,6.75915379607431
Canada,2019-05-01,6.756219663146654
Canada,2019-06-01,6.77052537410137
Canada,2019-07-01,6.924155726095886
Canada,2019-08-01,6.823750337596941
Canada,2019-09-01,6.952856926023248
Canada,2019-10-01,6.97408475209148
Canada,2019-11-01,7.017250357353738
Canada,2019-12-01,7.101491243205819
Canada,2020-01-01,7.132811189645791
Canada,2020-02-01,7.096393448125866
Canada,2020-03-01,5.872847179268268
Canada,2020-04-01,5.074647964103189
Canada,2020-05-01,5.133814667978196
Canada,2020-06-01,5.557807519479978
Canada,2020-07-01,5.638286517946831
HongKong,2008-01-01,4.531726544048137
HongKong,2008-02-01,4.332099376742137
HongKong,2008-03-01,4.167152382502966
HongKong,2008-04-01,4.5080560141773525
HongKong,2008-05-01,4.597758844548659
HongKong,2008-06-01,4.315008498775526
HongKong,2008-07-01,4.177784686609218
HongKong,2008-08-01,4.07811529411252
HongKong,2008-09-01,3.765386101536773
HongKong,2008-10-01,3.0187582038270797
HongKong,2008-11-01,2.7900937629775093
HongKong,2008-12-01,2.8851860818039885
HongKong,2009-01-01,2.631956394549672
HongKong,2009-02-01,2.4879641031694604
HongKong,2009-03-01,2.4131493505302775
HongKong,2009-04-01,2.6830871965647667
HongKong,2009-05-01,2.979608310556986
HongKong,2009-06-01,3.139186323924399
HongKong,2009-07-01,3.2204131768551107
HongKong,2009-08-01,3.430597082486983
HongKong,2009-09-01,3.5136209411857973
HongKong,2009-10-01,3.730439627672766
HongKong,2009-11-01,3.8132417719543095
HongKong,2009-12-01,3.7714132466666435
HongKong,2010-01-01,3.7722417514658346
HongKong,2010-02-01,3.6501800442980983
HongKong,2010-03-01,3.814039081541381
HongKong,2010-04-01,3.9576548712914033
HongKong,2010-05-01,3.6964027155695054
HongKong,2010-06-01,3.725554071669651
HongKong,2010-07-01,3.8829064726488607
HongKong,2010-08-01,3.976913309978969
HongKong,2010-09-01,4.080303480819092
HongKong,2010-10-01,4.381040950492634
HongKong,2010-11-01,4.4703502715508225
HongKong,2010-12-01,4.376087747842293
HongKong,2011-01-01,4.531049381782026
HongKong,2011-02-01,4.458420666434357
HongKong,2011-03-01,4.481452286293081
HongKong,2011-04-01,4.678901934678031
HongKong,2011-05-01,4.550817030128659
HongKong,2011-06-01,4.445582764257615
HongKong,2011-07-01,4.481738788830754
HongKong,2011-08-01,4.236939906438913
HongKong,2011-09-01,4.070832729745556
HongKong,2011-10-01,4.055613826759483
HongKong,2011-11-01,4.133972309398752
HongKong,2011-12-01,4.095524289978169
HongKong,2012-01-01,4.322353713552339
HongKong,2012-02-01,4.531896405986732
HongKong,2012-03-01,4.530442809878862
HongKong,2012-04-01,4.544047231452698
HongKong,2012-05-01,4.404022364080266
HongKong,2012-06-01,4.306410456086857
HongKong,2012-07-01,4.4167975121781105
HongKong,2012-08-01,4.492278673285668
HongKong,2012-09-01,4.52113424914438
HongKong,2012-10-01,4.713559835021925
HongKong,2012-11-01,4.758883891417202
HongKong,2012-12-01,4.873348692140242
HongKong,2013-01-01,5.081390904446806
HongKong,2013-02-01,5.02817019294309
HongKong,2013-03-01,4.939181153350715
HongKong,2013-04-01,4.909646809190937
HongKong,2013-05-01,5.034965998417164
HongKong,2013-06-01,4.78509154060203
HongKong,2013-07-01,4.917904032749044
HongKong,2013-08-01,5.015960266303898
HongKong,2013-09-01,5.1485331582356295
HongKong,2013-10-01,5.271998016975292
HongKong,2013-11-01,5.299720022780583
HongKong,2013-12-01,5.314912496364116
HongKong,2014-01-01,5.25544325581644
HongKong,2014-02-01,5.186494138305177
HongKong,2014-03-01,5.151238514733626
HongKong,2014-04-01,5.3719143134982
HongKong,2014-05-01,5.371267726966572
HongKong,2014-06-01,5.440000993630418
HongKong,2014-07-01,5.6315212840086595
HongKong,2014-08-01,5.780318622028398
HongKong,2014-09-01,5.715706636686294
HongKong,2014-10-01,5.624437748363279
HongKong,2014-11-01,5.692323188441804
HongKong,2014-12-01,5.642069468166435
HongKong,2015-01-01,5.803562165874478
HongKong,2015-02-01,5.86906663635016
HongKong,2015-03-01,5.827278475740732
HongKong,2015-04-01,6.361850218474771
HongKong,2015-05-01,6.39209061725651
HongKong,2015-06-01,6.306095200247928
HongKong,2015-07-01,6.086115054216348
HongKong,2015-08-01,5.825394251910513
HongKong,2015-09-01,5.56923561695303
HongKong,2015-10-01,5.74926712893404
HongKong,2015-11-01,5.730747092250388
HongKong,2015-12-01,5.635253560836654
HongKong,2016-01-01,5.360731853288167
HongKong,2016-02-01,5.278536490082667
HongKong,2016-03-01,5.439984334200009
HongKong,2016-04-01,5.621729420145732
HongKong,2016-05-01,5.495286272093331
HongKong,2016-06-01,5.564979780766471
HongKong,2016-07-01,5.774241261007413
HongKong,2016-08-01,5.928593659515249
HongKong,2016-09-01,6.050793718439859
HongKong,2016-10-01,6.106310995660705
HongKong,2016-11-01,5.998310138717123
HongKong,2016-12-01,5.964119339754326
HongKong,2017-01-01,6.119557591191191
HongKong,2017-02-01,6.247958938674548
HongKong,2017-03-01,6.296966308040465
HongKong,2017-04-01,6.403338300062602
HongKong,2017-05-01,6.53307081550169
HongKong,2017-06-01,6.618165576272199
HongKong,2017-07-01,6.790515028053418
HongKong,2017-08-01,6.957356101445855
HongKong,2017-09-01,6.997945890811813
HongKong,2017-10-01,7.226255960799181
HongKong,2017-11-01,7.341507128976891
HongKong,2017-12-01,7.33148690208931
HongKong,2018-01-01,7.813944794926027
HongKong,2018-02-01,7.697991576881359
HongKong,2018-03-01,7.686903947773654
HongKong,2018-04-01,7.762105556167349
HongKong,2018-05-01,7.812913233393758
HongKong,2018-06-01,7.729556426794765
HongKong,2018-07-01,7.608999582634997
HongKong,2018-08-01,7.523994805598216
HongKong,2018-09-01,7.441586773617981
HongKong,2018-10-01,7.2847980089643904
HongKong,2018-11-01,7.344214263809494
HongKong,2018-12-01,7.342195732887905
HongKong,2019-01-01,7.511252383246578
HongKong,2019-02-01,7.743964625971355
HongKong,2019-03-01,7.807123612178966
HongKong,2019-04-01,8.048031494443322
HongKong,2019-05-01,7.799178280456918
HongKong,2019-06-01,7.75511362917919
HongKong,2019-07-01,7.947344439086203
HongKong,2019-08-01,7.596965940420336
HongKong,2019-09-01,7.668631129312994
HongKong,2019-10-01,7.690310252465633
HongKong,2019-11-01,7.753927155987023
HongKong,2019-12-01,7.795628821096784
HongKong,2020-01-01,7.852002293656854
HongKong,2020-02-01,7.6675059296776436
HongKong,2020-03-01,7.151393637329058
HongKong,2020-04-01,6.985187003723748
HongKong,2020-05-01,6.84801846166768
HongKong,2020-06-01,6.914197845183338
HongKong,2020-07-01,7.054614380767827
Japan,2008-01-01,4.173347721872277
Japan,2008-02-01,4.1261211792451675
Japan,2008-03-01,4.114330100774801
Japan,2008-04-01,4.3065334039434955
Japan,2008-05-01,4.404363305803924
Japan,2008-06-01,4.3444195798557175
Japan,2008-07-01,4.149450056876216
Japan,2008-08-01,3.9965171996713753
Japan,2008-09-01,3.8864415676631126
Japan,2008-10-01,3.2326562875491853
Japan,2008-11-01,3.114107261480172
Japan,2008-12-01,3.171879298438723
Japan,2009-01-01,3.1140492513760254
Japan,2009-02-01,2.8262841816103386
Japan,2009-03-01,2.697870791428672
Japan,2009-04-01,2.8996923197501996
Japan,2009-05-01,3.0786951234643247
Japan,2009-06-01,3.1853270100835083
Japan,2009-07-01,3.198504394468259
Japan,2009-08-01,3.39301712906523
Japan,2009-09-01,3.470204795240173
Japan,2009-10-01,3.552493171466459
Japan,2009-11-01,3.4655453867068258
Japan,2009-12-01,3.600123029661253
Japan,2010-01-01,3.76867302227366
Japan,2010-02-01,3.6526998008665266
Japan,2010-03-01,3.7711195616136375
Japan,2010-04-01,3.8927601752347734
Japan,2010-05-01,3.6698591618933083
Japan,2010-06-01,3.5922790313348916
Japan,2010-07-01,3.683686516524622
Japan,2010-08-01,3.687343347399908
Japan,2010-09-01,3.756536987811165
Japan,2010-10-01,3.943323336239409
Japan,2010-11-01,4.021100030762746
Japan,2010-12-01,4.148994230899763
Japan,2011-01-01,4.262056893466561
Japan,2011-02-01,4.352755524537656
Japan,2011-03-01,4.144113838312913
Japan,2011-04-01,4.113723308629201
Japan,2011-05-01,4.201374771623785
Japan,2011-06-01,4.1902577896663615
Japan,2011-07-01,4.41059830526828
Japan,2011-08-01,4.232524782127928
Japan,2011-09-01,4.164116221275286
Japan,2011-10-01,4.228460627978819
Japan,2011-11-01,4.11712088965648
Japan,2011-12-01,4.106932000726811
Japan,2012-01-01,4.259575565809298
Japan,2012-02-01,4.412730124933567
Japan,2012-03-01,4.487445998989774
Japan,2012-04-01,4.486132416581228
Japan,2012-05-01,4.310921898145008
Japan,2012-06-01,4.269305435289516
Japan,2012-07-01,4.354782634680676
Japan,2012-08-01,4.4602639018189265
Japan,2012-09-01,4.478522157703129
Japan,2012-10-01,4.457719981095147
Japan,2012-11-01,4.4611601816191175
Japan,2012-12-01,4.581451852529099
Japan,2013-01-01,4.753799542598131
Japan,2013-02-01,4.78807738389639
Japan,2013-03-01,4.990691424187755
Japan,2013-04-01,5.179332598627525
Japan,2013-05-01,5.3869347218250585
Japan,2013-06-01,5.207681749083447
Japan,2013-07-01,5.51472832218762
Japan,2013-08-01,5.4018254517797
Japan,2013-09-01,5.543795141141402
Japan,2013-10-01,5.662078873493337
Japan,2013-11-01,5.744765842125734
Japan,2013-12-01,5.854860848506398
Japan,2014-01-01,5.820269609248411
Japan,2014-02-01,5.654542271175332
Japan,2014-03-01,5.656102448546353
Japan,2014-04-01,5.73900571206007
Japan,2014-05-01,5.746055025260432
Japan,2014-06-01,5.916007749515947
Japan,2014-07-01,6.087066797119066
Japan,2014-08-01,6.091627021816581
Japan,2014-09-01,6.073169839083942
Japan,2014-10-01,5.962802588281294
Japan,2014-11-01,6.118045397299213
Japan,2014-12-01,6.10750821606436
Japan,2015-01-01,6.125821813758131
Japan,2015-02-01,6.268478096826533
Japan,2015-03-01,6.475712572866286
Japan,2015-04-01,6.726046553882922
Japan,2015-05-01,6.721494833898369
Japan,2015-06-01,6.717058928136648
Japan,2015-07-01,6.77070032063652
Japan,2015-08-01,6.705421918777663
Japan,2015-09-01,6.375417680442947
Japan,2015-10-01,6.509478271095661
Japan,2015-11-01,6.654658456845244
Japan,2015-12-01,6.613097968319508
Japan,2016-01-01,6.361531630719437
Japan,2016-02-01,6.263216011171414
Japan,2016-03-01,6.440799168176186
Japan,2016-04-01,6.561651328491806
Japan,2016-05-01,6.600195560026286
Japan,2016-06-01,6.625926274748917
Japan,2016-07-01,6.784359940438234
Japan,2016-08-01,6.9725601991806805
Japan,2016-09-01,7.018784348473927
Japan,2016-10-01,7.096942680789214
Japan,2016-11-01,7.03199000712285
Japan,2016-12-01,7.078259777881664
Japan,2017-01-01,7.248668008686288
Japan,2017-02-01,7.336647226280885
Japan,2017-03-01,7.389449238106618
Japan,2017-04-01,7.436195749234191
Japan,2017-05-01,7.524090343567831
Japan,2017-06-01,7.692485969848438
Japan,2017-07-01,7.742535810422954
Japan,2017-08-01,7.765759964771275
Japan,2017-09-01,7.78103741544626
Japan,2017-10-01,8.129873123987043
Japan,2017-11-01,8.433866619362469
Japan,2017-12-01,8.492950584957086
Japan,2018-01-01,9.001229233716684
Japan,2018-02-01,8.652889001200613
Japan,2018-03-01,8.621279579098335
Japan,2018-04-01,8.807664978864727
Japan,2018-05-01,8.90079737646533
Japan,2018-06-01,8.838598338576741
Japan,2018-07-01,8.822821669469697
Japan,2018-08-01,8.88914373500903
Japan,2018-09-01,9.00553332742794
Japan,2018-10-01,8.921678631956606
Japan,2018-11-01,8.730574058845193
Japan,2018-12-01,8.5755774379059
Japan,2019-01-01,8.667645722854271
Japan,2019-02-01,8.76267465128149
Japan,2019-03-01,8.786944192998373
Japan,2019-04-01,8.990543029908448
Japan,2019-05-01,8.930386496074972
Japan,2019-06-01,8.969694875279943
Japan,2019-07-01,9.175611092017743
Japan,2019-08-01,9.0457246588984
Japan,2019-09-01,9.19697011487056
Japan,2019-10-01,9.376575508694645
Japan,2019-11-01,9.626148188204095
Japan,2019-12-01,9.708780427719798
Japan,2020-01-01,9.593153511610726
Japan,2020-02-01,9.441334324372129
Japan,2020-03-01,8.55305928703898
Japan,2020-04-01,8.578048267926938
Japan,2020-05-01,8.882637436393088
Japan,2020-06-01,9.326285712084257
Japan,2020-07-01,9.365605498948776
Mexico,2008-01-01,3.9978373251524597
Mexico,2008-02-01,4.196769713583379
Mexico,2008-03-01,4.229546284234985
Mexico,2008-04-01,4.6121622654941365
Mexico,2008-05-01,4.618463950054034
Mexico,2008-06-01,4.541871934672528
Mexico,2008-07-01,4.276597156346144
Mexico,2008-08-01,4.188021618033968
Mexico,2008-09-01,3.8664342462671364
Mexico,2008-10-01,2.8290268115596966
Mexico,2008-11-01,2.5871484291258966
Mexico,2008-12-01,2.711253077245054
Mexico,2009-01-01,2.488774722840348
Mexico,2009-02-01,2.211643094253734
Mexico,2009-03-01,2.200074994739066
Mexico,2009-04-01,2.5120745796263098
Mexico,2009-05-01,2.708209035452901
Mexico,2009-06-01,2.787474622198496
Mexico,2009-07-01,2.8494779983528487
Mexico,2009-08-01,3.1159122784754043
Mexico,2009-09-01,3.0861994965231343
Mexico,2009-10-01,3.379125214107937
Mexico,2009-11-01,3.493483017596496
Mexico,2009-12-01,3.678968989432136
Mexico,2010-01-01,3.701414292310055
Mexico,2010-02-01,3.6613171292007927
Mexico,2010-03-01,3.8768930938601187
Mexico,2010-04-01,4.07539560745643
Mexico,2010-05-01,3.793388307417255
Mexico,2010-06-01,3.8485703937015816
Mexico,2010-07-01,3.885129664286741
Mexico,2010-08-01,3.944999637424806
Mexico,2010-09-01,3.9631314831463857
Mexico,2010-10-01,4.288480616249602
Mexico,2010-11-01,4.475856221719566
Mexico,2010-12-01,4.574087346064955
Mexico,2011-01-01,4.7543379787497475
Mexico,2011-02-01,4.654338643347376
Mexico,2011-03-01,4.6348488163996
Mexico,2011-04-01,4.872210112748579
Mexico,2011-05-01,4.6874774321193176
Mexico,2011-06-01,4.599208843434656
Mexico,2011-07-01,4.810145639310171
Mexico,2011-08-01,4.417206290193928
Mexico,2011-09-01,4.26360906750125
Mexico,2011-10-01,4.332124945325422
Mexico,2011-11-01,4.39655540226865
Mexico,2011-12-01,4.415393126351585
Mexico,2012-01-01,4.706371557413171
Mexico,2012-02-01,4.8338454882169035
Mexico,2012-03-01,4.917334628192039
Mexico,2012-04-01,4.995586149540712
Mexico,2012-05-01,4.767612885622542
Mexico,2012-06-01,4.697038272571714
Mexico,2012-07-01,5.1007860237193725
Mexico,2012-08-01,5.103694506934989
Mexico,2012-09-01,5.220894396730925
Mexico,2012-10-01,5.361203776271902
Mexico,2012-11-01,5.231057570433412
Mexico,2012-12-01,5.501778878103712
Mexico,2013-01-01,5.7757565539653
Mexico,2013-02-01,5.770841885774287
Mexico,2013-03-01,5.7110807032107616
Mexico,2013-04-01,5.812932939924581
Mexico,2013-05-01,5.613300491356764
Mexico,2013-06-01,5.230500662628275
Mexico,2013-07-01,5.495905061417712
Mexico,2013-08-01,5.539870896616405
Mexico,2013-09-01,5.429569856464676
Mexico,2013-10-01,5.534554251338195
Mexico,2013-11-01,5.568510977258077
Mexico,2013-12-01,5.705709622902566
Mexico,2014-01-01,5.57431936978462
Mexico,2014-02-01,5.424494845038627
Mexico,2014-03-01,5.285056558814389
Mexico,2014-04-01,5.65386810201721
Mexico,2014-05-01,5.797494492752957
Mexico,2014-06-01,5.875269463003061
Mexico,2014-07-01,6.055290468112187
Mexico,2014-08-01,6.155272127576362
Mexico,2014-09-01,6.204468469068695
Mexico,2014-10-01,6.048649687671952
Mexico,2014-11-01,6.049570451411871
Mexico,2014-12-01,5.735288113823108
Mexico,2015-01-01,5.666057617117453
Mexico,2015-02-01,5.701505751935038
Mexico,2015-03-01,5.7043951247659965
Mexico,2015-04-01,5.900566562671699
Mexico,2015-05-01,5.876082095626016
Mexico,2015-06-01,5.81791969442931
Mexico,2015-07-01,5.757294723965899
Mexico,2015-08-01,5.560020581940446
Mexico,2015-09-01,5.477996793961445
Mexico,2015-10-01,5.600322104156078
Mexico,2015-11-01,5.667388305414413
Mexico,2015-12-01,5.437820559524813
Mexico,2016-01-01,5.221196644789215
Mexico,2016-02-01,5.261470556816326
Mexico,2016-03-01,5.539359185436496
Mexico,2016-04-01,5.735402244693528
Mexico,2016-05-01,5.593286238801571
Mexico,2016-06-01,5.525144902939971
Mexico,2016-07-01,5.694365243588196
Mexico,2016-08-01,5.79032814845494
Mexico,2016-09-01,5.635953786021991
Mexico,2016-10-01,5.853546858898731
Mexico,2016-11-01,5.522526017091849
Mexico,2016-12-01,5.451024650934425
Mexico,2017-01-01,5.517130761882305
Mexico,2017-02-01,5.702396812221815
Mexico,2017-03-01,5.892107034284031
Mexico,2017-04-01,6.1222348656122545
Mexico,2017-05-01,6.113240579532208
Mexico,2017-06-01,6.259298728077008
Mexico,2017-07-01,6.544179765157999
Mexico,2017-08-01,6.5524638755975
Mexico,2017-09-01,6.488278615729946
Mexico,2017-10-01,6.397516097162301
Mexico,2017-11-01,6.261387896241233
Mexico,2017-12-01,6.2652840294377885
Mexico,2018-01-01,6.542766244542392
Mexico,2018-02-01,6.474154377598541
Mexico,2018-03-01,6.420023783838861
Mexico,2018-04-01,6.623134085593206
Mexico,2018-05-01,6.32499711892665
Mexico,2018-06-01,6.226517181230037
Mexico,2018-07-01,6.671368873463722
Mexico,2018-08-01,6.733709501710541
Mexico,2018-09-01,6.701348334903482
Mexico,2018-10-01,6.629084706480562
Mexico,2018-11-01,6.189200032933432
Mexico,2018-12-01,6.086526154679646
Mexico,2019-01-01,6.440522396305521
Mexico,2019-02-01,6.434947757742162
Mexico,2019-03-01,6.342308588637639
Mexico,2019-04-01,6.6444667290908725
Mexico,2019-05-01,6.518239433754713
Mexico,2019-06-01,6.5140200911632835
Mexico,2019-07-01,6.551699103315345
Mexico,2019-08-01,6.338164531135213
Mexico,2019-09-01,6.523166546848374
Mexico,2019-10-01,6.6514296232054555
Mexico,2019-11-01,6.678729731284037
Mexico,2019-12-01,6.767333016545811
Mexico,2020-01-01,6.735055900175009
Mexico,2020-02-01,6.679106438839037
Mexico,2020-03-01,5.978580731481658
Mexico,2020-04-01,5.658369755319697
Mexico,2020-05-01,5.811136419895508
Mexico,2020-06-01,5.9875663282213445
Mexico,2020-07-01,5.920879854057208
Russia,2008-01-01,5.655967411317121
Russia,2008-02-01,5.352974616918727
Russia,2008-03-01,5.617426622550761
Russia,2008-04-01,5.987230507303961
Russia,2008-05-01,6.574739519950473
Russia,2008-06-01,6.523006209331012
Russia,2008-07-01,5.978196642740196
Russia,2008-08-01,4.835345406157144
Russia,2008-09-01,3.670364486881505
Russia,2008-10-01,2.18465654050733
Russia,2008-11-01,1.8280543513300331
Russia,2008-12-01,1.6707987737779524
Russia,2009-01-01,1.227045040888955
Russia,2009-02-01,1.0103180114833579
Russia,2009-03-01,1.251789322762341
Russia,2009-04-01,1.4848578402212278
Russia,2009-05-01,1.8331652038935626
Russia,2009-06-01,2.0315146432893503
Russia,2009-07-01,1.871494178190388
Russia,2009-08-01,2.09269086639417
Russia,2009-09-01,2.437892189120511
Russia,2009-10-01,3.0344066142999075
Russia,2009-11-01,3.0633699305085305
Russia,2009-12-01,3.0254093664277373
Russia,2010-01-01,3.26514507543822
Russia,2010-02-01,3.086475534218192
Russia,2010-03-01,3.3315047516508485
Russia,2010-04-01,3.67779573473876
Russia,2010-05-01,3.1389051557282066
Russia,2010-06-01,3.1209353586121615
Russia,2010-07-01,3.28119542154699
Russia,2010-08-01,3.3974924803200146
Russia,2010-09-01,3.423437212437785
Russia,2010-10-01,3.749104419764752
Russia,2010-11-01,3.7489661546971784
Russia,2010-12-01,3.9895792466965663
Russia,2011-01-01,4.391445770063742
Russia,2011-02-01,4.530844667874273
Russia,2011-03-01,4.868729802022672
Russia,2011-04-01,5.10868753024018
Russia,2011-05-01,4.776425135064448
Russia,2011-06-01,4.8225459063416665
Russia,2011-07-01,4.9661225459740255
Russia,2011-08-01,4.336908962800056
Russia,2011-09-01,3.8397653042336017
Russia,2011-10-01,3.693417012107483
Russia,2011-11-01,3.8642103339208282
Russia,2011-12-01,3.73055312480697
Russia,2012-01-01,4.002916793561779
Russia,2012-02-01,4.470154542488199
Russia,2012-03-01,4.575429031235247
Russia,2012-04-01,4.5260322951753995
Russia,2012-05-01,3.915185356784205
Russia,2012-06-01,3.6264004557283296
Russia,2012-07-01,3.8392366658718378
Russia,2012-08-01,3.976665855617732
Russia,2012-09-01,4.16456786257991
Russia,2012-10-01,4.227803746260193
Russia,2012-11-01,4.076154966297771
Russia,2012-12-01,4.328498576631432
Russia,2013-01-01,4.586845397136564
Russia,2013-02-01,4.572979505822527
Russia,2013-03-01,4.344641979106763
Russia,2013-04-01,4.138613223903352
Russia,2013-05-01,4.14450301215855
Russia,2013-06-01,3.823263419410301
Russia,2013-07-01,3.980020903004341
Russia,2013-08-01,3.9488320765310263
Russia,2013-09-01,4.1162517143243775
Russia,2013-10-01,4.391185379143716
Russia,2013-11-01,4.2843242574310825
Russia,2013-12-01,4.223367723861024
Russia,2014-01-01,4.121843170172006
Russia,2014-02-01,3.940884210052769
Russia,2014-03-01,3.644715131842425
Russia,2014-04-01,3.8622249235028434
Russia,2014-05-01,4.053714875147204
Russia,2014-06-01,4.241543273147551
Russia,2014-07-01,4.256650679337465
Russia,2014-08-01,4.022305985463554
Russia,2014-09-01,3.873898241706257
Russia,2014-10-01,3.622417217199399
Russia,2014-11-01,3.3818103658682523
Russia,2014-12-01,2.9511452683690838
Russia,2015-01-01,2.841065257136851
Russia,2015-02-01,2.874316633389771
Russia,2015-03-01,2.92550983444586
Russia,2015-04-01,3.2922040566921407
Russia,2015-05-01,3.3863033562131637
Russia,2015-06-01,3.2091894537800822
Russia,2015-07-01,3.1581253211027533
Russia,2015-08-01,2.9552983178022494
Russia,2015-09-01,2.9507369651402104
Russia,2015-10-01,3.0276138478530115
Russia,2015-11-01,2.9752150874805414
Russia,2015-12-01,2.878353225391397
Russia,2016-01-01,2.807274133012392
Russia,2016-02-01,2.821249041419425
Russia,2016-03-01,2.9439469463511303
Russia,2016-04-01,3.1239450545360863
Russia,2016-05-01,3.1604940754947037
Russia,2016-06-01,3.1957601407636544
Russia,2016-07-01,3.3013172439899883
Russia,2016-08-01,3.3080760327335668
Russia,2016-09-01,3.341040444021955
Russia,2016-10-01,3.457596720006645
Russia,2016-11-01,3.4411079466334766
Russia,2016-12-01,3.6261108624140763
Russia,2017-01-01,3.775192113427977
Russia,2017-02-01,3.7844565554882976
Russia,2017-03-01,3.76898417248033
Russia,2017-04-01,3.866175595182023
Russia,2017-05-01,3.8415505894986985
Russia,2017-06-01,3.7392812055320306
Russia,2017-07-01,3.821769724549205
Russia,2017-08-01,3.864411172261832
Russia,2017-09-01,3.9734205005845276
Russia,2017-10-01,4.13081237277696
Russia,2017-11-01,4.123427448476873
Russia,2017-12-01,4.129192483992021
Russia,2018-01-01,4.408638888532035
Russia,2018-02-01,4.427800109418039
Russia,2018-03-01,4.414771536253635
Russia,2018-04-01,4.386107754297699
Russia,2018-05-01,4.384328300565626
Russia,2018-06-01,4.333740990920051
Russia,2018-07-01,4.465546899896465
Russia,2018-08-01,4.329080115671752
Russia,2018-09-01,4.36468865168445
Russia,2018-10-01,4.474640821260596
Russia,2018-11-01,4.44087798927711
Russia,2018-12-01,4.417214923529455
Russia,2019-01-01,4.558513980936848
Russia,2019-02-01,4.6053647317781845
Russia,2019-03-01,4.6325809555773585
Russia,2019-04-01,4.789084897763651
Russia,2019-05-01,4.798382958075578
Russia,2019-06-01,4.90968942438548
Russia,2019-07-01,5.025258802864178
Russia,2019-08-01,4.889897661763097
Russia,2019-09-01,4.9574096925541955
Russia,2019-10-01,5.062923794794012
Russia,2019-11-01,5.164035027856826
Russia,2019-12-01,5.226823724091167
Russia,2020-01-01,5.254001989775288
Russia,2020-02-01,5.150681305791947
Russia,2020-03-01,4.571743421785129
Russia,2020-04-01,4.418129083027338
Russia,2020-05-01,4.4360703617593575
Russia,2020-06-01,4.5411621829959525
Russia,2020-07-01,4.500057026099185
SouthAfrica,2008-01-01,1.1691489623411575
SouthAfrica,2008-02-01,1.0713533558830477
SouthAfrica,2008-03-01,1.0414828344872034
SouthAfrica,2008-04-01,1.334100632779801
SouthAfrica,2008-05-01,1.5275141693898335
SouthAfrica,2008-06-01,1.2646923759787432
SouthAfrica,2008-07-01,0.8117121269012992
SouthAfrica,2008-08-01,0.7785348815210424
SouthAfrica,2008-09-01,0.474723838730438
SouthAfrica,2008-10-01,-0.33297321553044057
SouthAfrica,2008-11-01,-0.46998433484531965
SouthAfrica,2008-12-01,-0.3434926149288309
SouthAfrica,2009-01-01,-0.3685757078567571
SouthAfrica,2009-02-01,-0.47414954575599655
SouthAfrica,2009-03-01,-0.5156896139094762
SouthAfrica,2009-04-01,-0.3239015415123543
SouthAfrica,2009-05-01,-0.08733744663614029
SouthAfrica,2009-06-01,0.08350331460703764
SouthAfrica,2009-07-01,-0.16292724129186809
SouthAfrica,2009-08-01,0.09047591490194407
SouthAfrica,2009-09-01,0.2561837851180213
SouthAfrica,2009-10-01,0.3534091208284691
SouthAfrica,2009-11-01,0.43265785967272663
SouthAfrica,2009-12-01,0.5074204124916148
SouthAfrica,2010-01-01,0.6498503786666143
SouthAfrica,2010-02-01,0.4570094165653398
SouthAfrica,2010-03-01,0.7177910693444618
SouthAfrica,2010-04-01,0.9171761714650106
SouthAfrica,2010-05-01,0.5880571584389731
SouthAfrica,2010-06-01,0.5903151336956647
SouthAfrica,2010-07-01,0.6189518538648482
SouthAfrica,2010-08-01,0.7762020599802613
SouthAfrica,2010-09-01,0.9431179188921543
SouthAfrica,2010-10-01,1.3484227233583699
SouthAfrica,2010-11-01,1.4699516625006206
SouthAfrica,2010-12-01,1.615023244099724
SouthAfrica,2011-01-01,1.6415994667712306
SouthAfrica,2011-02-01,1.5510066312455617
SouthAfrica,2011-03-01,1.5726472043948723
SouthAfrica,2011-04-01,1.7819217775622496
SouthAfrica,2011-05-01,1.628067450748773
SouthAfrica,2011-06-01,1.5999569388325972
SouthAfrica,2011-07-01,1.7737460324849996
SouthAfrica,2011-08-01,1.3961126931305008
SouthAfrica,2011-09-01,1.2403806354101905
SouthAfrica,2011-10-01,1.2717825116351325
SouthAfrica,2011-11-01,1.2861498422688271
SouthAfrica,2011-12-01,1.2959008942537809
SouthAfrica,2012-01-01,1.5339643007002477
SouthAfrica,2012-02-01,1.7732759630603623
SouthAfrica,2012-03-01,1.7704115315522022
SouthAfrica,2012-04-01,1.777478032520074
SouthAfrica,2012-05-01,1.5966267852675875
SouthAfrica,2012-06-01,1.542625767680825
SouthAfrica,2012-07-01,1.5705626252042846
SouthAfrica,2012-08-01,1.6994326069118684
SouthAfrica,2012-09-01,1.7296418102980562
SouthAfrica,2012-10-01,1.6617846290280107
SouthAfrica,2012-11-01,1.682789777332127
SouthAfrica,2012-12-01,1.8768668594072393
SouthAfrica,2013-01-01,2.094553694039309
SouthAfrica,2013-02-01,2.074652252506871
SouthAfrica,2013-03-01,1.9595622144738476
SouthAfrica,2013-04-01,1.854846568754647
SouthAfrica,2013-05-01,1.9278580960125054
SouthAfrica,2013-06-01,1.626899127181986
SouthAfrica,2013-07-01,1.883728007902411
SouthAfrica,2013-08-01,1.9787420059821184
SouthAfrica,2013-09-01,2.1073459262311616
SouthAfrica,2013-10-01,2.2345904834744665
SouthAfrica,2013-11-01,2.183571457066141
SouthAfrica,2013-12-01,2.0849145914230043
SouthAfrica,2014-01-01,2.0302163657514463
SouthAfrica,2014-02-01,2.038940429460691
SouthAfrica,2014-03-01,2.163686053852885
SouthAfrica,2014-04-01,2.4203359906088764
SouthAfrica,2014-05-01,2.5317592095826935
SouthAfrica,2014-06-01,2.511164875305708
SouthAfrica,2014-07-01,2.7357390622975233
SouthAfrica,2014-08-01,2.6971783973816956
SouthAfrica,2014-09-01,2.5609204789583515
SouthAfrica,2014-10-01,2.420990576747922
SouthAfrica,2014-11-01,2.55317971890174
SouthAfrica,2014-12-01,2.361165254453428
SouthAfrica,2015-01-01,2.251749160751718
SouthAfrica,2015-02-01,2.479025951911539
SouthAfrica,2015-03-01,2.307440489647707
SouthAfrica,2015-04-01,2.7360451798482153
SouthAfrica,2015-05-01,2.7206188876170287
SouthAfrica,2015-06-01,2.501339283327619
SouthAfrica,2015-07-01,2.44141451622772
SouthAfrica,2015-08-01,2.232019527522203
SouthAfrica,2015-09-01,2.022531532614046
SouthAfrica,2015-10-01,2.2641432416375746
SouthAfrica,2015-11-01,2.0847701427061445
SouthAfrica,2015-12-01,1.7850682396538256
SouthAfrica,2016-01-01,1.3134444583107887
SouthAfrica,2016-02-01,1.4647674502954153
SouthAfrica,2016-03-01,1.6837582726330345
SouthAfrica,2016-04-01,1.9439581682893505
SouthAfrica,2016-05-01,1.7717942457449836
SouthAfrica,2016-06-01,1.8430366308915076
SouthAfrica,2016-07-01,1.987925969056711
SouthAfrica,2016-08-01,2.120766172360618
SouthAfrica,2016-09-01,2.0427556019393016
SouthAfrica,2016-10-01,2.0410386716311493
SouthAfrica,2016-11-01,1.9685222026200988
SouthAfrica,2016-12-01,1.9767701908433912
SouthAfrica,2017-01-01,2.1920449622690947
SouthAfrica,2017-02-01,2.2956331792533833
SouthAfrica,2017-03-01,2.3218708910305637
SouthAfrica,2017-04-01,2.3544482525226975
SouthAfrica,2017-05-01,2.447099979966895
SouthAfrica,2017-06-01,2.3773188412420163
SouthAfrica,2017-07-01,2.565782861901991
SouthAfrica,2017-08-01,2.67687855338964
SouthAfrica,2017-09-01,2.690796715365428
SouthAfrica,2017-10-01,2.8418831168009504
SouthAfrica,2017-11-01,2.8769458135721155
SouthAfrica,2017-12-01,3.012582260553835
SouthAfrica,2018-01-01,3.637637398068962
SouthAfrica,2018-02-01,3.5756074752409237
SouthAfrica,2018-03-01,3.562014854804486
SouthAfrica,2018-04-01,3.5318623806622735
SouthAfrica,2018-05-01,3.4425659674664963
SouthAfrica,2018-06-01,3.1913529803896736
SouthAfrica,2018-07-01,3.2279421187462742
SouthAfrica,2018-08-01,3.0875251614765236
SouthAfrica,2018-09-01,2.8751765714062394
SouthAfrica,2018-10-01,2.7505863077696144
SouthAfrica,2018-11-01,2.8037004294205996
SouthAfrica,2018-12-01,2.7073535214024487
SouthAfrica,2019-01-01,2.9856064067499952
SouthAfrica,2019-02-01,3.0534293905308907
SouthAfrica,2019-03-01,3.0066047994211256
SouthAfrica,2019-04-01,3.1614034331904097
SouthAfrica,2019-05-01,2.9547171425917282
SouthAfrica,2019-06-01,3.023527735938842
SouthAfrica,2019-07-01,3.1994746417728397
SouthAfrica,2019-08-01,2.7821534888717743
SouthAfrica,2019-09-01,2.885524056581562
SouthAfrica,2019-10-01,2.8474643424244963
SouthAfrica,2019-11-01,2.9165547856847374
SouthAfrica,2019-12-01,2.961277473056935
SouthAfrica,2020-01-01,2.8638461422799733
SouthAfrica,2020-02-01,2.666776164517473
SouthAfrica,2020-03-01,1.8453361325625404
SouthAfrica,2020-04-01,1.7356105473885295
SouthAfrica,2020-05-01,1.8908869611988257
SouthAfrica,2020-06-01,2.1779006504453555
SouthAfrica,2020-07-01,2.312692519891719
Thailand,2008-01-01,4.561619637565945
Thailand,2008-02-01,4.741810588490722
Thailand,2008-03-01,4.858897354223853
Thailand,2008-04-01,4.997900238653907
Thailand,2008-05-01,5.002338811494392
Thailand,2008-06-01,4.616755823198888
Thailand,2008-07-01,4.233817715099288
Thailand,2008-08-01,4.158124584889018
Thailand,2008-09-01,3.918774018162608
Thailand,2008-10-01,3.21621702153333
Thailand,2008-11-01,2.9165591555225774
Thailand,2008-12-01,2.905904621903793
Thailand,2009-01-01,2.876315169928951
Thailand,2009-02-01,2.8404167367629114
Thailand,2009-03-01,2.7784908719298187
Thailand,2009-04-01,2.886853930421534
Thailand,2009-05-01,3.302354407829318
Thailand,2009-06-01,3.5520691629148935
Thailand,2009-07-01,3.610453777179883
Thailand,2009-08-01,3.8180787836228807
Thailand,2009-09-01,4.049276802422472
Thailand,2009-10-01,4.289316767810023
Thailand,2009-11-01,4.191971869228226
Thailand,2009-12-01,4.280420115833865
Thailand,2010-01-01,4.3990015624516605
Thailand,2010-02-01,4.291239634917478
Thailand,2010-03-01,4.580859823366998
Thailand,2010-04-01,4.741858716210313
Thailand,2010-05-01,4.616225728221371
Thailand,2010-06-01,4.723173527607457
Thailand,2010-07-01,5.031483554632819
Thailand,2010-08-01,5.3279817434460615
Thailand,2010-09-01,5.692057151555231
Thailand,2010-10-01,6.077855363448251
Thailand,2010-11-01,6.226503166845845
Thailand,2010-12-01,6.2720708045102604
Thailand,2011-01-01,6.183023419135571
Thailand,2011-02-01,6.014242793607533
Thailand,2011-03-01,6.237903586406313
Thailand,2011-04-01,6.7332704902457365
Thailand,2011-05-01,6.626214882911066
Thailand,2011-06-01,6.385062754373633
Thailand,2011-07-01,6.790668260506198
Thailand,2011-08-01,6.705174912510959
Thailand,2011-09-01,6.322147498808501
Thailand,2011-10-01,6.0087484903668695
Thailand,2011-11-01,6.158563335162686
Thailand,2011-12-01,6.408839831729781
Thailand,2012-01-01,6.55614266716603
Thailand,2012-02-01,6.961281146084129
Thailand,2012-03-01,7.209334035872459
Thailand,2012-04-01,7.268195653608732
Thailand,2012-05-01,7.100705919089183
Thailand,2012-06-01,6.979161253195979
Thailand,2012-07-01,7.253803732309141
Thailand,2012-08-01,7.395465431526725
Thailand,2012-09-01,7.651350786902011
Thailand,2012-10-01,7.886793315769136
Thailand,2012-11-01,7.884910274921165
Thailand,2012-12-01,8.175901743933405
Thailand,2013-01-01,8.708769305743399
Thailand,2013-02-01,9.126649524252166
Thailand,2013-03-01,9.381692895864298
Thailand,2013-04-01,9.422817926788014
Thailand,2013-05-01,9.585093680184414
Thailand,2013-06-01,8.666764289036045
Thailand,2013-07-01,8.63694889925404
Thailand,2013-08-01,8.28547591992355
Thailand,2013-09-01,8.343363489583252
Thailand,2013-10-01,8.727050218710096
Thailand,2013-11-01,8.418151047025471
Thailand,2013-12-01,8.075817503038083
Thailand,2014-01-01,7.690405426556232
Thailand,2014-02-01,7.854395710605306
Thailand,2014-03-01,8.133779703433637
Thailand,2014-04-01,8.466226728485898
Thailand,2014-05-01,8.401278808650265
Thailand,2014-06-01,8.61645114187093
Thailand,2014-07-01,9.107010118846311
Thailand,2014-08-01,9.236890679639583
Thailand,2014-09-01,9.347284736143202
Thailand,2014-10-01,9.219914701485985
Thailand,2014-11-01,9.315034987350245
Thailand,2014-12-01,9.062886166916542
Thailand,2015-01-01,9.179624386159196
Thailand,2015-02-01,9.462583877801997
Thailand,2015-03-01,9.155152100257638
Thailand,2015-04-01,9.35434735057548
Thailand,2015-05-01,8.993468307108305
Thailand,2015-06-01,8.944320128750963
Thailand,2015-07-01,8.722518808870559
Thailand,2015-08-01,8.250973566005285
Thailand,2015-09-01,8.130242374627514
Thailand,2015-10-01,8.28066208430312
Thailand,2015-11-01,8.22243582522091
Thailand,2015-12-01,7.8436499912338515
Thailand,2016-01-01,7.732147020119561
Thailand,2016-02-01,7.960540872551022
Thailand,2016-03-01,8.324037547746531
Thailand,2016-04-01,8.463514311314073
Thailand,2016-05-01,8.391791586999277
Thailand,2016-06-01,8.550595255560522
Thailand,2016-07-01,8.887711557689281
Thailand,2016-08-01,9.134050815832119
Thailand,2016-09-01,8.92144594152455
Thailand,2016-10-01,8.913474574647445
Thailand,2016-11-01,8.927682959589603
Thailand,2016-12-01,8.952958174896597
Thailand,2017-01-01,9.296327881936815
Thailand,2017-02-01,9.362214138166397
Thailand,2017-03-01,9.329874111997675
Thailand,2017-04-01,9.519273314605918
Thailand,2017-05-01,9.4671590002764
Thailand,2017-06-01,9.619894687293346
Thailand,2017-07-01,9.769300971518188
Thailand,2017-08-01,9.878839644983348
Thailand,2017-09-01,10.180880614152553
Thailand,2017-10-01,10.50260504233151
Thailand,2017-11-01,10.587701217540637
Thailand,2017-12-01,10.75113320167248
Thailand,2018-01-01,11.428767727393165
Thailand,2018-02-01,11.41640753108538
Thailand,2018-03-01,11.46850377150022
Thailand,2018-04-01,11.495173028545132
Thailand,2018-05-01,11.306683293740136
Thailand,2018-06-01,10.831796838341972
Thailand,2018-07-01,10.662979429478483
Thailand,2018-08-01,10.943633180206401
Thailand,2018-09-01,11.111288495056296
Thailand,2018-10-01,10.983796604180927
Thailand,2018-11-01,10.794198580421092
Thailand,2018-12-01,10.661868796034339
Thailand,2019-01-01,10.917724781101949
Thailand,2019-02-01,11.26389645311918
Thailand,2019-03-01,11.086235059029608
Thailand,2019-04-01,11.277516644960123
Thailand,2019-05-01,11.159495092028862
Thailand,2019-06-01,11.555031358602836
Thailand,2019-07-01,11.87258238205726
Thailand,2019-08-01,11.52138370405067
Thailand,2019-09-01,11.597310598927464
Thailand,2019-10-01,11.574070520614214
Thailand,2019-11-01,11.566108252048561
Thailand,2019-12-01,11.376257344832027
Thailand,2020-01-01,11.259115543139188
Thailand,2020-02-01,10.689976927917884
Thailand,2020-03-01,9.237647034846884
Thailand,2020-04-01,9.400160082162765
Thailand,2020-05-01,9.80189345517436
Thailand,2020-06-01,10.25028121053164
Thailand,2020-07-01,10.138947165921422
UnitedKingdom,2008-01-01,4.745104859223453
UnitedKingdom,2008-02-01,4.676731681673319
UnitedKingdom,2008-03-01,4.5872470754989205
UnitedKingdom,2008-04-01,4.821532516910896
UnitedKingdom,2008-05-01,4.877541729345097
UnitedKingdom,2008-06-01,4.593187197386721
UnitedKingdom,2008-07-01,4.3350219522273825
UnitedKingdom,2008-08-01,4.1907095732437405
UnitedKingdom,2008-09-01,3.87093939090491
UnitedKingdom,2008-10-01,2.9694885956910273
UnitedKingdom,2008-11-01,2.6519003724692602
UnitedKingdom,2008-12-01,2.594038647517909
UnitedKingdom,2009-01-01,2.453409822571044
UnitedKingdom,2009-02-01,2.285210792698999
UnitedKingdom,2009-03-01,2.0883819116807025
UnitedKingdom,2009-04-01,2.2492919368374062
UnitedKingdom,2009-05-01,2.499754955163607
UnitedKingdom,2009-06-01,2.5953930539020966
UnitedKingdom,2009-07-01,2.6398469602781356
UnitedKingdom,2009-08-01,2.903725727487796
UnitedKingdom,2009-09-01,3.009763645093301
UnitedKingdom,2009-10-01,3.1639390265342793
UnitedKingdom,2009-11-01,3.2694749406532413
UnitedKingdom,2009-12-01,3.2488264831712548
UnitedKingdom,2010-01-01,3.3057440639153852
UnitedKingdom,2010-02-01,3.099834009485647
UnitedKingdom,2010-03-01,3.1959715310254833
UnitedKingdom,2010-04-01,3.417985059882501
UnitedKingdom,2010-05-01,3.0418977315200326
UnitedKingdom,2010-06-01,3.0388058972484355
UnitedKingdom,2010-07-01,3.212030443724958
UnitedKingdom,2010-08-01,3.336310414892519
UnitedKingdom,2010-09-01,3.4319596062624416
UnitedKingdom,2010-10-01,3.6512955355423404
UnitedKingdom,2010-11-01,3.693427121486218
UnitedKingdom,2010-12-01,3.7076565724466164
UnitedKingdom,2011-01-01,3.8420642874767132
UnitedKingdom,2011-02-01,3.9357306428737093
UnitedKingdom,2011-03-01,3.87068220851757
UnitedKingdom,2011-04-01,4.064144910996442
UnitedKingdom,2011-05-01,4.0153450470726515
UnitedKingdom,2011-06-01,3.9040974317615547
UnitedKingdom,2011-07-01,3.9574630134094373
UnitedKingdom,2011-08-01,3.6144882247154295
UnitedKingdom,2011-09-01,3.465590467913149
UnitedKingdom,2011-10-01,3.619588065456485
UnitedKingdom,2011-11-01,3.6335958294980766
UnitedKingdom,2011-12-01,3.623785441248476
UnitedKingdom,2012-01-01,3.8427185766266345
UnitedKingdom,2012-02-01,4.0363042812669505
UnitedKingdom,2012-03-01,4.044910190418559
UnitedKingdom,2012-04-01,4.077101457584243
UnitedKingdom,2012-05-01,3.922521370422036
UnitedKingdom,2012-06-01,3.8671659635102085
UnitedKingdom,2012-07-01,4.016030130900161
UnitedKingdom,2012-08-01,4.127399655203936
UnitedKingdom,2012-09-01,4.227118959614504
UnitedKingdom,2012-10-01,4.29593143207779
UnitedKingdom,2012-11-01,4.250808596263116
UnitedKingdom,2012-12-01,4.367450160427968
UnitedKingdom,2013-01-01,4.525189185073939
UnitedKingdom,2013-02-01,4.544679962729427
UnitedKingdom,2013-03-01,4.529839334528441
UnitedKingdom,2013-04-01,4.572010170529836
UnitedKingdom,2013-05-01,4.733453707718908
UnitedKingdom,2013-06-01,4.603259256510146
UnitedKingdom,2013-07-01,4.750797478509837
UnitedKingdom,2013-08-01,4.853810133273452
UnitedKingdom,2013-09-01,4.992923902282561
UnitedKingdom,2013-10-01,5.189335036708963
UnitedKingdom,2013-11-01,5.2596025505179504
UnitedKingdom,2013-12-01,5.269373776161395
UnitedKingdom,2014-01-01,5.437403841372978
UnitedKingdom,2014-02-01,5.473377168812808
UnitedKingdom,2014-03-01,5.493007504477152
UnitedKingdom,2014-04-01,5.6908589045553555
UnitedKingdom,2014-05-01,5.810282562116505
UnitedKingdom,2014-06-01,5.847870955202488
UnitedKingdom,2014-07-01,6.000243583937104
UnitedKingdom,2014-08-01,5.880158113903079
UnitedKingdom,2014-09-01,5.81999988674475
UnitedKingdom,2014-10-01,5.631379778434111
UnitedKingdom,2014-11-01,5.728113194366038
UnitedKingdom,2014-12-01,5.655489713832486
UnitedKingdom,2015-01-01,5.6572408564416286
UnitedKingdom,2015-02-01,5.864999507894417
UnitedKingdom,2015-03-01,5.792858498402236
UnitedKingdom,2015-04-01,5.9462592356098565
UnitedKingdom,2015-05-01,6.073133771549502
UnitedKingdom,2015-06-01,6.024724954610813
UnitedKingdom,2015-07-01,6.0133628146954266
UnitedKingdom,2015-08-01,5.949644974133008
UnitedKingdom,2015-09-01,5.725254664683138
UnitedKingdom,2015-10-01,5.851735608674234
UnitedKingdom,2015-11-01,5.807946498522913
UnitedKingdom,2015-12-01,5.701932993266265
UnitedKingdom,2016-01-01,5.471394297543879
UnitedKingdom,2016-02-01,5.415045227584642
UnitedKingdom,2016-03-01,5.563625096653597
UnitedKingdom,2016-04-01,5.738776205400271
UnitedKingdom,2016-05-01,5.737015323563433
UnitedKingdom,2016-06-01,5.662631649255312
UnitedKingdom,2016-07-01,5.66891232586136
UnitedKingdom,2016-08-01,5.7874920479853404
UnitedKingdom,2016-09-01,5.8036561431971645
UnitedKingdom,2016-10-01,5.757313373845463
UnitedKingdom,2016-11-01,5.7067050917244
UnitedKingdom,2016-12-01,5.785015276403421
UnitedKingdom,2017-01-01,5.959165287620015
UnitedKingdom,2017-02-01,6.018689412014798
UnitedKingdom,2017-03-01,6.050896873828451
UnitedKingdom,2017-04-01,6.196824228382114
UnitedKingdom,2017-05-01,6.345509952646104
UnitedKingdom,2017-06-01,6.341608292218911
UnitedKingdom,2017-07-01,6.470045424187164
UnitedKingdom,2017-08-01,6.472535963434932
UnitedKingdom,2017-09-01,6.55389313065427
UnitedKingdom,2017-10-01,6.720190222644581
UnitedKingdom,2017-11-01,6.685125614889202
UnitedKingdom,2017-12-01,6.776801260448988
UnitedKingdom,2018-01-01,7.144118962271516
UnitedKingdom,2018-02-01,6.929719702870516
UnitedKingdom,2018-03-01,6.86510736690569
UnitedKingdom,2018-04-01,7.124112527469688
UnitedKingdom,2018-05-01,7.187523675017145
UnitedKingdom,2018-06-01,7.128236875754688
UnitedKingdom,2018-07-01,7.186599394683796
UnitedKingdom,2018-08-01,7.066252778701362
UnitedKingdom,2018-09-01,7.025844931095023
UnitedKingdom,2018-10-01,6.956752995058368
UnitedKingdom,2018-11-01,6.879774869271172
UnitedKingdom,2018-12-01,6.707841937733001
UnitedKingdom,2019-01-01,6.901185568784346
UnitedKingdom,2019-02-01,7.073371294244442
UnitedKingdom,2019-03-01,7.139808546323756
UnitedKingdom,2019-04-01,7.310816822744535
UnitedKingdom,2019-05-01,7.173586611955141
UnitedKingdom,2019-06-01,7.174168039025885
UnitedKingdom,2019-07-01,7.270223351287301
UnitedKingdom,2019-08-01,7.055108266525437
UnitedKingdom,2019-09-01,7.171974109331604
UnitedKingdom,2019-10-01,7.294269361023092
UnitedKingdom,2019-11-01,7.4225862474907665
UnitedKingdom,2019-12-01,7.517221795315454
UnitedKingdom,2020-01-01,7.489863916903101
UnitedKingdom,2020-02-01,7.362513644847127
UnitedKingdom,2020-03-01,6.479640828177699
UnitedKingdom,2020-04-01,6.458371960152267
UnitedKingdom,2020-05-01,6.5400495352105406
UnitedKingdom,2020-06-01,6.731982404628059
UnitedKingdom,2020-07-01,6.726336594514404
UnitedStates,2008-01-01,4.322160183633912
UnitedStates,2008-02-01,4.304472053851953
UnitedStates,2008-03-01,4.208768613750177
UnitedStates,2008-04-01,4.421110420782904
UnitedStates,2008-05-01,4.401690229573811
UnitedStates,2008-06-01,4.155838393116843
UnitedStates,2008-07-01,3.9286183421210414
UnitedStates,2008-08-01,3.9399644247855417
UnitedStates,2008-09-01,3.8219520329790413
UnitedStates,2008-10-01,3.0929571551300854
UnitedStates,2008-11-01,2.8860644788348155
UnitedStates,2008-12-01,2.801233120936523
UnitedStates,2009-01-01,2.5953584957310287
UnitedStates,2009-02-01,2.316028572303928
UnitedStates,2009-03-01,2.1235881884682106
UnitedStates,2009-04-01,2.2726092580717356
UnitedStates,2009-05-01,2.324109819277254
UnitedStates,2009-06-01,2.363344870461365
UnitedStates,2009-07-01,2.4165412752464484
UnitedStates,2009-08-01,2.597586427445428
UnitedStates,2009-09-01,2.639420164438322
UnitedStates,2009-10-01,2.7585355726156724
UnitedStates,2009-11-01,2.8792813910556667
UnitedStates,2009-12-01,2.937595589687138
UnitedStates,2010-01-01,3.00382702216845
UnitedStates,2010-02-01,2.9311132491809646
UnitedStates,2010-03-01,3.046362655258278
UnitedStates,2010-04-01,3.2390274801478594
UnitedStates,2010-05-01,3.1303671287206956
UnitedStates,2010-06-01,3.065587326845645
UnitedStates,2010-07-01,3.148638836748818
UnitedStates,2010-08-01,3.169045734846328
UnitedStates,2010-09-01,3.2391936791519065
UnitedStates,2010-10-01,3.449618653914273
UnitedStates,2010-11-01,3.4296260275223496
UnitedStates,2010-12-01,3.5846849978462725
UnitedStates,2011-01-01,3.731087903683182
UnitedStates,2011-02-01,3.8567673818585035
UnitedStates,2011-03-01,3.8260299439445067
UnitedStates,2011-04-01,3.999332531722723
UnitedStates,2011-05-01,4.056324453138995
UnitedStates,2011-06-01,3.903722871980248
UnitedStates,2011-07-01,4.077643006024756
UnitedStates,2011-08-01,3.741813019951831
UnitedStates,2011-09-01,3.6989985826259186
UnitedStates,2011-10-01,3.913771280423387
UnitedStates,2011-11-01,4.02723657936388
UnitedStates,2011-12-01,4.119981871102473
UnitedStates,2012-01-01,4.381045637957133
UnitedStates,2012-02-01,4.476822556146297
UnitedStates,2012-03-01,4.546644632305007
UnitedStates,2012-04-01,4.588916062480546
UnitedStates,2012-05-01,4.501207860690862
UnitedStates,2012-06-01,4.451308161482144
UnitedStates,2012-07-01,4.571933376216302
UnitedStates,2012-08-01,4.678684673659744
UnitedStates,2012-09-01,4.806679103961807
UnitedStates,2012-10-01,4.838982820875588
UnitedStates,2012-11-01,4.717731598005102
UnitedStates,2012-12-01,4.756118711282866
UnitedStates,2013-01-01,4.962938492375935
UnitedStates,2013-02-01,5.1103091832010215
UnitedStates,2013-03-01,5.269807022281471
UnitedStates,2013-04-01,5.355857211733639
UnitedStates,2013-05-01,5.512307356485216
UnitedStates,2013-06-01,5.473667203125318
UnitedStates,2013-07-01,5.695109637915907
UnitedStates,2013-08-01,5.65580844911897
UnitedStates,2013-09-01,5.676907306152065
UnitedStates,2013-10-01,5.78167850345187
UnitedStates,2013-11-01,5.994059236163908
UnitedStates,2013-12-01,6.089552028375149
UnitedStates,2014-01-01,6.156492887607913
UnitedStates,2014-02-01,6.059802401048916
UnitedStates,2014-03-01,6.158985737576824
UnitedStates,2014-04-01,6.403075605998165
UnitedStates,2014-05-01,6.43469802285674
UnitedStates,2014-06-01,6.544792326802117
UnitedStates,2014-07-01,6.692130808021313
UnitedStates,2014-08-01,6.647661728857457
UnitedStates,2014-09-01,6.770918483065207
UnitedStates,2014-10-01,6.744840937194958
UnitedStates,2014-11-01,6.997201262529929
UnitedStates,2014-12-01,7.058795845615247
UnitedStates,2015-01-01,7.039779353845107
UnitedStates,2015-02-01,7.185746961518113
UnitedStates,2015-03-01,7.1977663768619955
UnitedStates,2015-04-01,7.308347830275839
UnitedStates,2015-05-01,7.320241322449846
UnitedStates,2015-06-01,7.311975899195689
UnitedStates,2015-07-01,7.343441317241865
UnitedStates,2015-08-01,7.151602916323476
UnitedStates,2015-09-01,6.963101027210616
UnitedStates,2015-10-01,7.204217060161184
UnitedStates,2015-11-01,7.3416927497758895
UnitedStates,2015-12-01,7.306342684404836
UnitedStates,2016-01-01,7.002872368578821
UnitedStates,2016-02-01,7.001356057288616
UnitedStates,2016-03-01,7.269333011601843
UnitedStates,2016-04-01,7.51302296409259
UnitedStates,2016-05-01,7.501739542921131
UnitedStates,2016-06-01,7.503564669980534
UnitedStates,2016-07-01,7.757339119081699
UnitedStates,2016-08-01,7.785067812329574
UnitedStates,2016-09-01,7.7046616450347045
UnitedStates,2016-10-01,7.775511862065324
UnitedStates,2016-11-01,7.95252814906004
UnitedStates,2016-12-01,8.240035824603826
UnitedStates,2017-01-01,8.379489593469879
UnitedStates,2017-02-01,8.54152516671905
UnitedStates,2017-03-01,8.686290883831763
UnitedStates,2017-04-01,8.717567814096707
UnitedStates,2017-05-01,8.788975530124768
UnitedStates,2017-06-01,8.912772665678348
UnitedStates,2017-07-01,9.095292746391312
UnitedStates,2017-08-01,9.173669234548129
UnitedStates,2017-09-01,9.278902443821634
UnitedStates,2017-10-01,9.669262854409967
UnitedStates,2017-11-01,9.801132260122488
UnitedStates,2017-12-01,10.096701029622537
UnitedStates,2018-01-01,10.55668294825002
UnitedStates,2018-02-01,10.323732714528955
UnitedStates,2018-03-01,10.226507490140065
UnitedStates,2018-04-01,10.29481118408311
UnitedStates,2018-05-01,10.4025884857956
UnitedStates,2018-06-01,10.432432110812023
UnitedStates,2018-07-01,10.618959661304432
UnitedStates,2018-08-01,10.803557849529579
UnitedStates,2018-09-01,10.990146189275963
UnitedStates,2018-10-01,10.860384221202164
UnitedStates,2018-11-01,10.776954728316579
UnitedStates,2018-12-01,10.33360153124968
UnitedStates,2019-01-01,10.502513053234953
UnitedStates,2019-02-01,10.94433726027805
UnitedStates,2019-03-01,10.977502021718998
UnitedStates,2019-04-01,11.303895939010697
UnitedStates,2019-05-01,11.11787261960892
UnitedStates,2019-06-01,11.219611873537279
UnitedStates,2019-07-01,11.568300122435208
UnitedStates,2019-08-01,11.276299065151541
UnitedStates,2019-09-01,11.54655777221297
UnitedStates,2019-10-01,11.563487175425848
UnitedStates,2019-11-01,11.879673917612934
UnitedStates,2019-12-01,11.984458232252521
UnitedStates,2020-01-01,12.090218185881248
UnitedStates,2020-02-01,12.004070743236948
UnitedStates,2020-03-01,10.195000629023202
UnitedStates,2020-04-01,8.744228135778696
UnitedStates,2020-05-01,9.24344509791432
UnitedStates,2020-06-01,10.10037158688144
UnitedStates,2020-07-01,10.186742254939016
