,country,EDI,index
0,Brazil,4.678294216726481,2020-02-01
1,Brazil,4.653116692153703,2020-02-02
2,Brazil,4.627939167580926,2020-02-03
3,Brazil,4.602761643008147,2020-02-04
4,Brazil,4.577584118435369,2020-02-05
5,Brazil,4.552406593862591,2020-02-06
6,Brazil,4.527229069289813,2020-02-07
7,Brazil,4.502051544717035,2020-02-08
8,Brazil,4.4768740201442565,2020-02-09
9,Brazil,4.451696495571479,2020-02-10
10,Brazil,4.426518970998701,2020-02-11
11,Brazil,4.401341446425922,2020-02-12
12,Brazil,4.376163921853144,2020-02-13
13,Brazil,4.350986397280367,2020-02-14
14,Brazil,4.325808872707588,2020-02-15
15,Brazil,4.30063134813481,2020-02-16
16,Brazil,4.275453823562032,2020-02-17
17,Brazil,4.250276298989254,2020-02-18
18,Brazil,4.225098774416476,2020-02-19
19,Brazil,4.1999212498436975,2020-02-20
20,Brazil,4.17474372527092,2020-02-21
21,Brazil,4.149566200698142,2020-02-22
22,Brazil,4.124388676125363,2020-02-23
23,Brazil,4.099211151552585,2020-02-24
24,Brazil,4.074033626979808,2020-02-25
25,Brazil,4.048856102407029,2020-02-26
26,Brazil,4.023678577834251,2020-02-27
27,Brazil,3.998501053261473,2020-02-28
28,Brazil,3.973323528688695,2020-02-29
29,Brazil,3.948146004115917,2020-03-01
30,Brazil,3.9399257596127746,2020-03-02
31,Brazil,3.931705515109632,2020-03-03
32,Brazil,3.9234852706064896,2020-03-04
33,Brazil,3.915265026103347,2020-03-05
34,Brazil,3.9070447816002045,2020-03-06
35,Brazil,3.8988245370970622,2020-03-07
36,Brazil,3.8906042925939195,2020-03-08
37,Brazil,3.882384048090777,2020-03-09
38,Brazil,3.8741638035876345,2020-03-10
39,Brazil,3.865943559084492,2020-03-11
40,Brazil,3.8577233145813494,2020-03-12
41,Brazil,3.849503070078207,2020-03-13
42,Brazil,3.841282825575065,2020-03-14
43,Brazil,3.833062581071922,2020-03-15
44,Brazil,3.82484233656878,2020-03-16
45,Brazil,3.816622092065637,2020-03-17
46,Brazil,3.808401847562495,2020-03-18
47,Brazil,3.800181603059352,2020-03-19
48,Brazil,3.7919613585562097,2020-03-20
49,Brazil,3.7837411140530675,2020-03-21
50,Brazil,3.7755208695499247,2020-03-22
51,Brazil,3.7673006250467824,2020-03-23
52,Brazil,3.7590803805436397,2020-03-24
53,Brazil,3.7508601360404974,2020-03-25
54,Brazil,3.742639891537355,2020-03-26
55,Brazil,3.7344196470342124,2020-03-27
56,Brazil,3.72619940253107,2020-03-28
57,Brazil,3.7179791580279273,2020-03-29
58,Brazil,3.709758913524785,2020-03-30
59,Brazil,3.7015386690216423,2020-03-31
60,Brazil,3.6933184245185,2020-04-01
61,Brazil,3.690472642376506,2020-04-02
62,Brazil,3.6876268602345124,2020-04-03
63,Brazil,3.6847810780925183,2020-04-04
64,Brazil,3.6819352959505247,2020-04-05
65,Brazil,3.6790895138085307,2020-04-06
66,Brazil,3.676243731666537,2020-04-07
67,Brazil,3.673397949524543,2020-04-08
68,Brazil,3.6705521673825494,2020-04-09
69,Brazil,3.6677063852405554,2020-04-10
70,Brazil,3.6648606030985618,2020-04-11
71,Brazil,3.6620148209565677,2020-04-12
72,Brazil,3.659169038814574,2020-04-13
73,Brazil,3.65632325667258,2020-04-14
74,Brazil,3.6534774745305865,2020-04-15
75,Brazil,3.6506316923885924,2020-04-16
76,Brazil,3.6477859102465984,2020-04-17
77,Brazil,3.6449401281046048,2020-04-18
78,Brazil,3.6420943459626107,2020-04-19
79,Brazil,3.639248563820617,2020-04-20
80,Brazil,3.636402781678623,2020-04-21
81,Brazil,3.6335569995366295,2020-04-22
82,Brazil,3.6307112173946354,2020-04-23
83,Brazil,3.627865435252642,2020-04-24
84,Brazil,3.6250196531106478,2020-04-25
85,Brazil,3.622173870968654,2020-04-26
86,Brazil,3.61932808882666,2020-04-27
87,Brazil,3.6164823066846665,2020-04-28
88,Brazil,3.6136365245426725,2020-04-29
89,Brazil,3.610790742400679,2020-04-30
90,Brazil,3.607944960258685,2020-05-01
91,Brazil,3.617039149057635,2020-05-02
92,Brazil,3.6261333378565848,2020-05-03
93,Brazil,3.6352275266555347,2020-05-04
94,Brazil,3.644321715454485,2020-05-05
95,Brazil,3.653415904253435,2020-05-06
96,Brazil,3.662510093052385,2020-05-07
97,Brazil,3.671604281851335,2020-05-08
98,Brazil,3.680698470650285,2020-05-09
99,Brazil,3.689792659449235,2020-05-10
100,Brazil,3.6988868482481854,2020-05-11
101,Brazil,3.7079810370471353,2020-05-12
102,Brazil,3.7170752258460853,2020-05-13
103,Brazil,3.7261694146450353,2020-05-14
104,Brazil,3.7352636034439852,2020-05-15
105,Brazil,3.744357792242935,2020-05-16
106,Brazil,3.7534519810418856,2020-05-17
107,Brazil,3.7625461698408356,2020-05-18
108,Brazil,3.7716403586397855,2020-05-19
109,Brazil,3.7807345474387355,2020-05-20
110,Brazil,3.7898287362376855,2020-05-21
111,Brazil,3.7989229250366354,2020-05-22
112,Brazil,3.808017113835586,2020-05-23
113,Brazil,3.817111302634536,2020-05-24
114,Brazil,3.8262054914334858,2020-05-25
115,Brazil,3.8352996802324357,2020-05-26
116,Brazil,3.8443938690313857,2020-05-27
117,Brazil,3.8534880578303357,2020-05-28
118,Brazil,3.8625822466292856,2020-05-29
119,Brazil,3.871676435428236,2020-05-30
120,Brazil,3.880770624227186,2020-05-31
121,Brazil,3.889864813026136,2020-06-01
122,Brazil,3.8917745941178703,2020-06-02
123,Brazil,3.8936843752096046,2020-06-03
124,Brazil,3.8955941563013394,2020-06-04
125,Brazil,3.8975039373930738,2020-06-05
126,Brazil,3.899413718484808,2020-06-06
127,Brazil,3.9013234995765425,2020-06-07
128,Brazil,3.903233280668277,2020-06-08
129,Brazil,3.9051430617600116,2020-06-09
130,Brazil,3.907052842851746,2020-06-10
131,Brazil,3.9089626239434803,2020-06-11
132,Brazil,3.9108724050352146,2020-06-12
133,Brazil,3.912782186126949,2020-06-13
134,Brazil,3.9146919672186837,2020-06-14
135,Brazil,3.916601748310418,2020-06-15
136,Brazil,3.9185115294021524,2020-06-16
137,Brazil,3.9204213104938868,2020-06-17
138,Brazil,3.922331091585621,2020-06-18
139,Brazil,3.924240872677356,2020-06-19
140,Brazil,3.9261506537690902,2020-06-20
141,Brazil,3.9280604348608246,2020-06-21
142,Brazil,3.929970215952559,2020-06-22
143,Brazil,3.9318799970442933,2020-06-23
144,Brazil,3.933789778136028,2020-06-24
145,Brazil,3.9356995592277624,2020-06-25
146,Brazil,3.9376093403194967,2020-06-26
147,Brazil,3.939519121411231,2020-06-27
148,Brazil,3.9414289025029654,2020-06-28
149,Brazil,3.9433386835947,2020-06-29
150,Brazil,3.9452484646864345,2020-06-30
151,Brazil,3.947158245778169,2020-07-01
0,Canada,7.096393448125867,2020-02-01
1,Canada,7.054202197475605,2020-02-02
2,Canada,7.012010946825343,2020-02-03
3,Canada,6.9698196961750805,2020-02-04
4,Canada,6.927628445524819,2020-02-05
5,Canada,6.885437194874557,2020-02-06
6,Canada,6.843245944224295,2020-02-07
7,Canada,6.801054693574033,2020-02-08
8,Canada,6.75886344292377,2020-02-09
9,Canada,6.716672192273508,2020-02-10
10,Canada,6.674480941623246,2020-02-11
11,Canada,6.632289690972985,2020-02-12
12,Canada,6.5900984403227225,2020-02-13
13,Canada,6.54790718967246,2020-02-14
14,Canada,6.505715939022198,2020-02-15
15,Canada,6.463524688371936,2020-02-16
16,Canada,6.421333437721674,2020-02-17
17,Canada,6.379142187071412,2020-02-18
18,Canada,6.33695093642115,2020-02-19
19,Canada,6.294759685770888,2020-02-20
20,Canada,6.252568435120626,2020-02-21
21,Canada,6.210377184470364,2020-02-22
22,Canada,6.1681859338201015,2020-02-23
23,Canada,6.125994683169839,2020-02-24
24,Canada,6.083803432519577,2020-02-25
25,Canada,6.041612181869315,2020-02-26
26,Canada,5.999420931219054,2020-02-27
27,Canada,5.957229680568791,2020-02-28
28,Canada,5.915038429918529,2020-02-29
29,Canada,5.872847179268267,2020-03-01
30,Canada,5.847098817488749,2020-03-02
31,Canada,5.821350455709229,2020-03-03
32,Canada,5.795602093929711,2020-03-04
33,Canada,5.769853732150192,2020-03-05
34,Canada,5.744105370370674,2020-03-06
35,Canada,5.718357008591155,2020-03-07
36,Canada,5.692608646811636,2020-03-08
37,Canada,5.666860285032118,2020-03-09
38,Canada,5.641111923252599,2020-03-10
39,Canada,5.61536356147308,2020-03-11
40,Canada,5.5896151996935615,2020-03-12
41,Canada,5.563866837914043,2020-03-13
42,Canada,5.538118476134525,2020-03-14
43,Canada,5.512370114355005,2020-03-15
44,Canada,5.486621752575487,2020-03-16
45,Canada,5.460873390795968,2020-03-17
46,Canada,5.43512502901645,2020-03-18
47,Canada,5.409376667236931,2020-03-19
48,Canada,5.383628305457412,2020-03-20
49,Canada,5.357879943677894,2020-03-21
50,Canada,5.332131581898375,2020-03-22
51,Canada,5.306383220118856,2020-03-23
52,Canada,5.280634858339337,2020-03-24
53,Canada,5.254886496559819,2020-03-25
54,Canada,5.2291381347803,2020-03-26
55,Canada,5.203389773000781,2020-03-27
56,Canada,5.177641411221263,2020-03-28
57,Canada,5.151893049441744,2020-03-29
58,Canada,5.126144687662226,2020-03-30
59,Canada,5.1003963258827065,2020-03-31
60,Canada,5.074647964103188,2020-04-01
61,Canada,5.0766201875656884,2020-04-02
62,Canada,5.078592411028189,2020-04-03
63,Canada,5.080564634490689,2020-04-04
64,Canada,5.0825368579531895,2020-04-05
65,Canada,5.084509081415689,2020-04-06
66,Canada,5.086481304878189,2020-04-07
67,Canada,5.08845352834069,2020-04-08
68,Canada,5.09042575180319,2020-04-09
69,Canada,5.0923979752656905,2020-04-10
70,Canada,5.094370198728191,2020-04-11
71,Canada,5.096342422190691,2020-04-12
72,Canada,5.098314645653192,2020-04-13
73,Canada,5.100286869115692,2020-04-14
74,Canada,5.102259092578192,2020-04-15
75,Canada,5.104231316040693,2020-04-16
76,Canada,5.106203539503192,2020-04-17
77,Canada,5.1081757629656925,2020-04-18
78,Canada,5.110147986428193,2020-04-19
79,Canada,5.112120209890693,2020-04-20
80,Canada,5.114092433353194,2020-04-21
81,Canada,5.116064656815694,2020-04-22
82,Canada,5.118036880278194,2020-04-23
83,Canada,5.120009103740695,2020-04-24
84,Canada,5.121981327203195,2020-04-25
85,Canada,5.123953550665695,2020-04-26
86,Canada,5.125925774128195,2020-04-27
87,Canada,5.127897997590695,2020-04-28
88,Canada,5.129870221053196,2020-04-29
89,Canada,5.131842444515696,2020-04-30
90,Canada,5.133814667978196,2020-05-01
91,Canada,5.147491856736319,2020-05-02
92,Canada,5.16116904549444,2020-05-03
93,Canada,5.174846234252563,2020-05-04
94,Canada,5.188523423010684,2020-05-05
95,Canada,5.202200611768807,2020-05-06
96,Canada,5.215877800526928,2020-05-07
97,Canada,5.229554989285051,2020-05-08
98,Canada,5.243232178043172,2020-05-09
99,Canada,5.2569093668012945,2020-05-10
100,Canada,5.270586555559416,2020-05-11
101,Canada,5.284263744317538,2020-05-12
102,Canada,5.29794093307566,2020-05-13
103,Canada,5.311618121833782,2020-05-14
104,Canada,5.325295310591904,2020-05-15
105,Canada,5.338972499350026,2020-05-16
106,Canada,5.352649688108148,2020-05-17
107,Canada,5.36632687686627,2020-05-18
108,Canada,5.380004065624392,2020-05-19
109,Canada,5.393681254382514,2020-05-20
110,Canada,5.407358443140636,2020-05-21
111,Canada,5.421035631898758,2020-05-22
112,Canada,5.4347128206568796,2020-05-23
113,Canada,5.448390009415002,2020-05-24
114,Canada,5.4620671981731235,2020-05-25
115,Canada,5.475744386931246,2020-05-26
116,Canada,5.489421575689367,2020-05-27
117,Canada,5.50309876444749,2020-05-28
118,Canada,5.516775953205611,2020-05-29
119,Canada,5.530453141963734,2020-05-30
120,Canada,5.544130330721856,2020-05-31
121,Canada,5.557807519479978,2020-06-01
122,Canada,5.560490152762206,2020-06-02
123,Canada,5.563172786044435,2020-06-03
124,Canada,5.565855419326663,2020-06-04
125,Canada,5.568538052608892,2020-06-05
126,Canada,5.57122068589112,2020-06-06
127,Canada,5.573903319173349,2020-06-07
128,Canada,5.576585952455577,2020-06-08
129,Canada,5.579268585737805,2020-06-09
130,Canada,5.581951219020033,2020-06-10
131,Canada,5.584633852302262,2020-06-11
132,Canada,5.58731648558449,2020-06-12
133,Canada,5.589999118866719,2020-06-13
134,Canada,5.592681752148947,2020-06-14
135,Canada,5.595364385431176,2020-06-15
136,Canada,5.598047018713404,2020-06-16
137,Canada,5.600729651995633,2020-06-17
138,Canada,5.603412285277861,2020-06-18
139,Canada,5.60609491856009,2020-06-19
140,Canada,5.608777551842318,2020-06-20
141,Canada,5.611460185124547,2020-06-21
142,Canada,5.614142818406775,2020-06-22
143,Canada,5.616825451689004,2020-06-23
144,Canada,5.6195080849712316,2020-06-24
145,Canada,5.62219071825346,2020-06-25
146,Canada,5.624873351535689,2020-06-26
147,Canada,5.627555984817917,2020-06-27
148,Canada,5.630238618100146,2020-06-28
149,Canada,5.632921251382374,2020-06-29
150,Canada,5.635603884664603,2020-06-30
151,Canada,5.638286517946831,2020-07-01
0,Japan,9.441334324372127,2020-02-01
1,Japan,9.410704150670984,2020-02-02
2,Japan,9.380073976969841,2020-02-03
3,Japan,9.349443803268699,2020-02-04
4,Japan,9.318813629567554,2020-02-05
5,Japan,9.288183455866411,2020-02-06
6,Japan,9.257553282165269,2020-02-07
7,Japan,9.226923108464126,2020-02-08
8,Japan,9.196292934762983,2020-02-09
9,Japan,9.16566276106184,2020-02-10
10,Japan,9.135032587360698,2020-02-11
11,Japan,9.104402413659553,2020-02-12
12,Japan,9.07377223995841,2020-02-13
13,Japan,9.043142066257268,2020-02-14
14,Japan,9.012511892556125,2020-02-15
15,Japan,8.981881718854982,2020-02-16
16,Japan,8.95125154515384,2020-02-17
17,Japan,8.920621371452697,2020-02-18
18,Japan,8.889991197751552,2020-02-19
19,Japan,8.85936102405041,2020-02-20
20,Japan,8.828730850349267,2020-02-21
21,Japan,8.798100676648124,2020-02-22
22,Japan,8.767470502946981,2020-02-23
23,Japan,8.736840329245839,2020-02-24
24,Japan,8.706210155544696,2020-02-25
25,Japan,8.675579981843553,2020-02-26
26,Japan,8.644949808142409,2020-02-27
27,Japan,8.614319634441266,2020-02-28
28,Japan,8.583689460740123,2020-02-29
29,Japan,8.55305928703898,2020-03-01
30,Japan,8.553865383196657,2020-03-02
31,Japan,8.554671479354333,2020-03-03
32,Japan,8.555477575512008,2020-03-04
33,Japan,8.556283671669684,2020-03-05
34,Japan,8.55708976782736,2020-03-06
35,Japan,8.557895863985037,2020-03-07
36,Japan,8.558701960142713,2020-03-08
37,Japan,8.559508056300388,2020-03-09
38,Japan,8.560314152458064,2020-03-10
39,Japan,8.56112024861574,2020-03-11
40,Japan,8.561926344773417,2020-03-12
41,Japan,8.562732440931093,2020-03-13
42,Japan,8.563538537088768,2020-03-14
43,Japan,8.564344633246444,2020-03-15
44,Japan,8.56515072940412,2020-03-16
45,Japan,8.565956825561797,2020-03-17
46,Japan,8.566762921719473,2020-03-18
47,Japan,8.56756901787715,2020-03-19
48,Japan,8.568375114034824,2020-03-20
49,Japan,8.5691812101925,2020-03-21
50,Japan,8.569987306350177,2020-03-22
51,Japan,8.570793402507853,2020-03-23
52,Japan,8.57159949866553,2020-03-24
53,Japan,8.572405594823204,2020-03-25
54,Japan,8.57321169098088,2020-03-26
55,Japan,8.574017787138557,2020-03-27
56,Japan,8.574823883296233,2020-03-28
57,Japan,8.57562997945391,2020-03-29
58,Japan,8.576436075611584,2020-03-30
59,Japan,8.57724217176926,2020-03-31
60,Japan,8.578048267926937,2020-04-01
61,Japan,8.588201240209141,2020-04-02
62,Japan,8.598354212491346,2020-04-03
63,Japan,8.608507184773552,2020-04-04
64,Japan,8.618660157055757,2020-04-05
65,Japan,8.628813129337962,2020-04-06
66,Japan,8.638966101620166,2020-04-07
67,Japan,8.649119073902371,2020-04-08
68,Japan,8.659272046184578,2020-04-09
69,Japan,8.669425018466782,2020-04-10
70,Japan,8.679577990748987,2020-04-11
71,Japan,8.689730963031192,2020-04-12
72,Japan,8.699883935313396,2020-04-13
73,Japan,8.710036907595603,2020-04-14
74,Japan,8.720189879877807,2020-04-15
75,Japan,8.730342852160012,2020-04-16
76,Japan,8.740495824442217,2020-04-17
77,Japan,8.750648796724422,2020-04-18
78,Japan,8.760801769006628,2020-04-19
79,Japan,8.770954741288833,2020-04-20
80,Japan,8.781107713571037,2020-04-21
81,Japan,8.791260685853242,2020-04-22
82,Japan,8.801413658135447,2020-04-23
83,Japan,8.811566630417653,2020-04-24
84,Japan,8.821719602699858,2020-04-25
85,Japan,8.831872574982063,2020-04-26
86,Japan,8.842025547264267,2020-04-27
87,Japan,8.852178519546472,2020-04-28
88,Japan,8.862331491828678,2020-04-29
89,Japan,8.872484464110883,2020-04-30
90,Japan,8.882637436393088,2020-05-01
91,Japan,8.896948671092803,2020-05-02
92,Japan,8.911259905792518,2020-05-03
93,Japan,8.925571140492233,2020-05-04
94,Japan,8.939882375191948,2020-05-05
95,Japan,8.954193609891663,2020-05-06
96,Japan,8.96850484459138,2020-05-07
97,Japan,8.982816079291094,2020-05-08
98,Japan,8.99712731399081,2020-05-09
99,Japan,9.011438548690524,2020-05-10
100,Japan,9.02574978339024,2020-05-11
101,Japan,9.040061018089954,2020-05-12
102,Japan,9.054372252789669,2020-05-13
103,Japan,9.068683487489384,2020-05-14
104,Japan,9.082994722189099,2020-05-15
105,Japan,9.097305956888814,2020-05-16
106,Japan,9.11161719158853,2020-05-17
107,Japan,9.125928426288246,2020-05-18
108,Japan,9.14023966098796,2020-05-19
109,Japan,9.154550895687676,2020-05-20
110,Japan,9.16886213038739,2020-05-21
111,Japan,9.183173365087105,2020-05-22
112,Japan,9.19748459978682,2020-05-23
113,Japan,9.211795834486535,2020-05-24
114,Japan,9.22610706918625,2020-05-25
115,Japan,9.240418303885965,2020-05-26
116,Japan,9.254729538585682,2020-05-27
117,Japan,9.269040773285397,2020-05-28
118,Japan,9.283352007985112,2020-05-29
119,Japan,9.297663242684827,2020-05-30
120,Japan,9.311974477384542,2020-05-31
121,Japan,9.326285712084257,2020-06-01
122,Japan,9.327596371646408,2020-06-02
123,Japan,9.328907031208558,2020-06-03
124,Japan,9.33021769077071,2020-06-04
125,Japan,9.33152835033286,2020-06-05
126,Japan,9.332839009895011,2020-06-06
127,Japan,9.33414966945716,2020-06-07
128,Japan,9.33546032901931,2020-06-08
129,Japan,9.336770988581462,2020-06-09
130,Japan,9.338081648143612,2020-06-10
131,Japan,9.339392307705763,2020-06-11
132,Japan,9.340702967267914,2020-06-12
133,Japan,9.342013626830065,2020-06-13
134,Japan,9.343324286392216,2020-06-14
135,Japan,9.344634945954367,2020-06-15
136,Japan,9.345945605516516,2020-06-16
137,Japan,9.347256265078666,2020-06-17
138,Japan,9.348566924640817,2020-06-18
139,Japan,9.349877584202968,2020-06-19
140,Japan,9.351188243765119,2020-06-20
141,Japan,9.35249890332727,2020-06-21
142,Japan,9.35380956288942,2020-06-22
143,Japan,9.355120222451571,2020-06-23
144,Japan,9.356430882013722,2020-06-24
145,Japan,9.357741541575873,2020-06-25
146,Japan,9.359052201138024,2020-06-26
147,Japan,9.360362860700173,2020-06-27
148,Japan,9.361673520262324,2020-06-28
149,Japan,9.362984179824474,2020-06-29
150,Japan,9.364294839386625,2020-06-30
151,Japan,9.365605498948776,2020-07-01
0,Mexico,6.679106438839037,2020-02-01
1,Mexico,6.654950379964645,2020-02-02
2,Mexico,6.630794321090252,2020-02-03
3,Mexico,6.60663826221586,2020-02-04
4,Mexico,6.582482203341467,2020-02-05
5,Mexico,6.558326144467075,2020-02-06
6,Mexico,6.534170085592683,2020-02-07
7,Mexico,6.51001402671829,2020-02-08
8,Mexico,6.485857967843898,2020-02-09
9,Mexico,6.461701908969506,2020-02-10
10,Mexico,6.437545850095113,2020-02-11
11,Mexico,6.4133897912207205,2020-02-12
12,Mexico,6.3892337323463275,2020-02-13
13,Mexico,6.365077673471935,2020-02-14
14,Mexico,6.340921614597543,2020-02-15
15,Mexico,6.31676555572315,2020-02-16
16,Mexico,6.292609496848758,2020-02-17
17,Mexico,6.268453437974366,2020-02-18
18,Mexico,6.244297379099973,2020-02-19
19,Mexico,6.220141320225581,2020-02-20
20,Mexico,6.195985261351188,2020-02-21
21,Mexico,6.171829202476796,2020-02-22
22,Mexico,6.147673143602404,2020-02-23
23,Mexico,6.123517084728011,2020-02-24
24,Mexico,6.099361025853619,2020-02-25
25,Mexico,6.075204966979227,2020-02-26
26,Mexico,6.051048908104834,2020-02-27
27,Mexico,6.026892849230442,2020-02-28
28,Mexico,6.002736790356049,2020-02-29
29,Mexico,5.978580731481657,2020-03-01
30,Mexico,5.968251345153852,2020-03-02
31,Mexico,5.957921958826046,2020-03-03
32,Mexico,5.947592572498241,2020-03-04
33,Mexico,5.937263186170436,2020-03-05
34,Mexico,5.926933799842631,2020-03-06
35,Mexico,5.9166044135148255,2020-03-07
36,Mexico,5.906275027187021,2020-03-08
37,Mexico,5.895945640859216,2020-03-09
38,Mexico,5.885616254531411,2020-03-10
39,Mexico,5.875286868203605,2020-03-11
40,Mexico,5.8649574818758,2020-03-12
41,Mexico,5.854628095547995,2020-03-13
42,Mexico,5.84429870922019,2020-03-14
43,Mexico,5.833969322892385,2020-03-15
44,Mexico,5.82363993656458,2020-03-16
45,Mexico,5.813310550236775,2020-03-17
46,Mexico,5.80298116390897,2020-03-18
47,Mexico,5.792651777581164,2020-03-19
48,Mexico,5.782322391253359,2020-03-20
49,Mexico,5.771993004925554,2020-03-21
50,Mexico,5.7616636185977494,2020-03-22
51,Mexico,5.751334232269944,2020-03-23
52,Mexico,5.741004845942139,2020-03-24
53,Mexico,5.730675459614334,2020-03-25
54,Mexico,5.720346073286529,2020-03-26
55,Mexico,5.710016686958723,2020-03-27
56,Mexico,5.699687300630918,2020-03-28
57,Mexico,5.689357914303113,2020-03-29
58,Mexico,5.6790285279753085,2020-03-30
59,Mexico,5.668699141647503,2020-03-31
60,Mexico,5.658369755319698,2020-04-01
61,Mexico,5.663461977472225,2020-04-02
62,Mexico,5.668554199624752,2020-04-03
63,Mexico,5.673646421777279,2020-04-04
64,Mexico,5.6787386439298055,2020-04-05
65,Mexico,5.683830866082333,2020-04-06
66,Mexico,5.68892308823486,2020-04-07
67,Mexico,5.694015310387387,2020-04-08
68,Mexico,5.699107532539914,2020-04-09
69,Mexico,5.704199754692441,2020-04-10
70,Mexico,5.709291976844968,2020-04-11
71,Mexico,5.714384198997495,2020-04-12
72,Mexico,5.719476421150022,2020-04-13
73,Mexico,5.724568643302549,2020-04-14
74,Mexico,5.729660865455076,2020-04-15
75,Mexico,5.7347530876076025,2020-04-16
76,Mexico,5.73984530976013,2020-04-17
77,Mexico,5.744937531912657,2020-04-18
78,Mexico,5.750029754065184,2020-04-19
79,Mexico,5.755121976217711,2020-04-20
80,Mexico,5.760214198370238,2020-04-21
81,Mexico,5.765306420522765,2020-04-22
82,Mexico,5.770398642675292,2020-04-23
83,Mexico,5.775490864827819,2020-04-24
84,Mexico,5.780583086980346,2020-04-25
85,Mexico,5.785675309132873,2020-04-26
86,Mexico,5.7907675312854,2020-04-27
87,Mexico,5.795859753437927,2020-04-28
88,Mexico,5.800951975590454,2020-04-29
89,Mexico,5.806044197742981,2020-04-30
90,Mexico,5.811136419895508,2020-05-01
91,Mexico,5.816827707260858,2020-05-02
92,Mexico,5.822518994626207,2020-05-03
93,Mexico,5.828210281991557,2020-05-04
94,Mexico,5.8339015693569065,2020-05-05
95,Mexico,5.8395928567222555,2020-05-06
96,Mexico,5.845284144087605,2020-05-07
97,Mexico,5.850975431452955,2020-05-08
98,Mexico,5.856666718818304,2020-05-09
99,Mexico,5.862358006183654,2020-05-10
100,Mexico,5.868049293549004,2020-05-11
101,Mexico,5.873740580914353,2020-05-12
102,Mexico,5.879431868279703,2020-05-13
103,Mexico,5.8851231556450525,2020-05-14
104,Mexico,5.8908144430104015,2020-05-15
105,Mexico,5.896505730375751,2020-05-16
106,Mexico,5.902197017741101,2020-05-17
107,Mexico,5.907888305106451,2020-05-18
108,Mexico,5.9135795924718,2020-05-19
109,Mexico,5.91927087983715,2020-05-20
110,Mexico,5.9249621672025,2020-05-21
111,Mexico,5.930653454567849,2020-05-22
112,Mexico,5.9363447419331985,2020-05-23
113,Mexico,5.942036029298548,2020-05-24
114,Mexico,5.947727316663897,2020-05-25
115,Mexico,5.953418604029247,2020-05-26
116,Mexico,5.959109891394597,2020-05-27
117,Mexico,5.964801178759946,2020-05-28
118,Mexico,5.970492466125296,2020-05-29
119,Mexico,5.976183753490646,2020-05-30
120,Mexico,5.981875040855995,2020-05-31
121,Mexico,5.9875663282213445,2020-06-01
122,Mexico,5.985343445749207,2020-06-02
123,Mexico,5.983120563277069,2020-06-03
124,Mexico,5.980897680804931,2020-06-04
125,Mexico,5.978674798332793,2020-06-05
126,Mexico,5.976451915860655,2020-06-06
127,Mexico,5.974229033388517,2020-06-07
128,Mexico,5.972006150916379,2020-06-08
129,Mexico,5.969783268444242,2020-06-09
130,Mexico,5.967560385972103,2020-06-10
131,Mexico,5.965337503499965,2020-06-11
132,Mexico,5.963114621027827,2020-06-12
133,Mexico,5.96089173855569,2020-06-13
134,Mexico,5.958668856083552,2020-06-14
135,Mexico,5.956445973611414,2020-06-15
136,Mexico,5.954223091139276,2020-06-16
137,Mexico,5.952000208667138,2020-06-17
138,Mexico,5.949777326195,2020-06-18
139,Mexico,5.947554443722862,2020-06-19
140,Mexico,5.9453315612507245,2020-06-20
141,Mexico,5.943108678778587,2020-06-21
142,Mexico,5.940885796306448,2020-06-22
143,Mexico,5.93866291383431,2020-06-23
144,Mexico,5.936440031362173,2020-06-24
145,Mexico,5.934217148890035,2020-06-25
146,Mexico,5.931994266417897,2020-06-26
147,Mexico,5.929771383945759,2020-06-27
148,Mexico,5.927548501473622,2020-06-28
149,Mexico,5.925325619001483,2020-06-29
150,Mexico,5.923102736529345,2020-06-30
151,Mexico,5.920879854057207,2020-07-01
0,Russia,5.150681305791947,2020-02-01
1,Russia,5.130717930481367,2020-02-02
2,Russia,5.110754555170787,2020-02-03
3,Russia,5.090791179860207,2020-02-04
4,Russia,5.070827804549627,2020-02-05
5,Russia,5.050864429239047,2020-02-06
6,Russia,5.030901053928467,2020-02-07
7,Russia,5.010937678617887,2020-02-08
8,Russia,4.990974303307308,2020-02-09
9,Russia,4.971010927996727,2020-02-10
10,Russia,4.9510475526861475,2020-02-11
11,Russia,4.931084177375568,2020-02-12
12,Russia,4.911120802064987,2020-02-13
13,Russia,4.891157426754408,2020-02-14
14,Russia,4.871194051443828,2020-02-15
15,Russia,4.851230676133247,2020-02-16
16,Russia,4.831267300822668,2020-02-17
17,Russia,4.811303925512088,2020-02-18
18,Russia,4.791340550201507,2020-02-19
19,Russia,4.771377174890928,2020-02-20
20,Russia,4.751413799580348,2020-02-21
21,Russia,4.731450424269768,2020-02-22
22,Russia,4.711487048959188,2020-02-23
23,Russia,4.691523673648608,2020-02-24
24,Russia,4.671560298338028,2020-02-25
25,Russia,4.651596923027448,2020-02-26
26,Russia,4.631633547716868,2020-02-27
27,Russia,4.6116701724062885,2020-02-28
28,Russia,4.591706797095708,2020-02-29
29,Russia,4.571743421785128,2020-03-01
30,Russia,4.566788120534877,2020-03-02
31,Russia,4.561832819284626,2020-03-03
32,Russia,4.556877518034375,2020-03-04
33,Russia,4.551922216784123,2020-03-05
34,Russia,4.546966915533872,2020-03-06
35,Russia,4.54201161428362,2020-03-07
36,Russia,4.537056313033369,2020-03-08
37,Russia,4.5321010117831175,2020-03-09
38,Russia,4.527145710532866,2020-03-10
39,Russia,4.522190409282615,2020-03-11
40,Russia,4.517235108032364,2020-03-12
41,Russia,4.512279806782113,2020-03-13
42,Russia,4.507324505531861,2020-03-14
43,Russia,4.50236920428161,2020-03-15
44,Russia,4.497413903031359,2020-03-16
45,Russia,4.492458601781107,2020-03-17
46,Russia,4.4875033005308556,2020-03-18
47,Russia,4.482547999280604,2020-03-19
48,Russia,4.477592698030353,2020-03-20
49,Russia,4.472637396780102,2020-03-21
50,Russia,4.467682095529851,2020-03-22
51,Russia,4.462726794279599,2020-03-23
52,Russia,4.457771493029348,2020-03-24
53,Russia,4.452816191779097,2020-03-25
54,Russia,4.447860890528846,2020-03-26
55,Russia,4.442905589278594,2020-03-27
56,Russia,4.437950288028342,2020-03-28
57,Russia,4.432994986778091,2020-03-29
58,Russia,4.42803968552784,2020-03-30
59,Russia,4.423084384277589,2020-03-31
60,Russia,4.418129083027337,2020-04-01
61,Russia,4.418727125651738,2020-04-02
62,Russia,4.4193251682761385,2020-04-03
63,Russia,4.4199232109005395,2020-04-04
64,Russia,4.4205212535249405,2020-04-05
65,Russia,4.421119296149341,2020-04-06
66,Russia,4.421717338773742,2020-04-07
67,Russia,4.422315381398142,2020-04-08
68,Russia,4.422913424022543,2020-04-09
69,Russia,4.423511466646944,2020-04-10
70,Russia,4.424109509271344,2020-04-11
71,Russia,4.424707551895745,2020-04-12
72,Russia,4.425305594520146,2020-04-13
73,Russia,4.425903637144546,2020-04-14
74,Russia,4.426501679768947,2020-04-15
75,Russia,4.427099722393347,2020-04-16
76,Russia,4.427697765017748,2020-04-17
77,Russia,4.428295807642149,2020-04-18
78,Russia,4.428893850266549,2020-04-19
79,Russia,4.42949189289095,2020-04-20
80,Russia,4.430089935515351,2020-04-21
81,Russia,4.430687978139751,2020-04-22
82,Russia,4.431286020764152,2020-04-23
83,Russia,4.431884063388553,2020-04-24
84,Russia,4.432482106012953,2020-04-25
85,Russia,4.433080148637354,2020-04-26
86,Russia,4.433678191261754,2020-04-27
87,Russia,4.434276233886155,2020-04-28
88,Russia,4.434874276510556,2020-04-29
89,Russia,4.4354723191349565,2020-04-30
90,Russia,4.4360703617593575,2020-05-01
91,Russia,4.439460420508925,2020-05-02
92,Russia,4.442850479258492,2020-05-03
93,Russia,4.44624053800806,2020-05-04
94,Russia,4.449630596757628,2020-05-05
95,Russia,4.453020655507196,2020-05-06
96,Russia,4.456410714256763,2020-05-07
97,Russia,4.4598007730063305,2020-05-08
98,Russia,4.463190831755898,2020-05-09
99,Russia,4.466580890505465,2020-05-10
100,Russia,4.469970949255034,2020-05-11
101,Russia,4.473361008004601,2020-05-12
102,Russia,4.476751066754169,2020-05-13
103,Russia,4.480141125503736,2020-05-14
104,Russia,4.483531184253303,2020-05-15
105,Russia,4.486921243002871,2020-05-16
106,Russia,4.490311301752439,2020-05-17
107,Russia,4.493701360502007,2020-05-18
108,Russia,4.497091419251574,2020-05-19
109,Russia,4.5004814780011415,2020-05-20
110,Russia,4.503871536750709,2020-05-21
111,Russia,4.507261595500276,2020-05-22
112,Russia,4.510651654249845,2020-05-23
113,Russia,4.514041712999412,2020-05-24
114,Russia,4.51743177174898,2020-05-25
115,Russia,4.520821830498547,2020-05-26
116,Russia,4.5242118892481145,2020-05-27
117,Russia,4.527601947997682,2020-05-28
118,Russia,4.53099200674725,2020-05-29
119,Russia,4.534382065496818,2020-05-30
120,Russia,4.537772124246385,2020-05-31
121,Russia,4.5411621829959525,2020-06-01
122,Russia,4.539792011099394,2020-06-02
123,Russia,4.538421839202835,2020-06-03
124,Russia,4.537051667306276,2020-06-04
125,Russia,4.535681495409717,2020-06-05
126,Russia,4.534311323513158,2020-06-06
127,Russia,4.532941151616599,2020-06-07
128,Russia,4.5315709797200405,2020-06-08
129,Russia,4.530200807823481,2020-06-09
130,Russia,4.528830635926922,2020-06-10
131,Russia,4.527460464030363,2020-06-11
132,Russia,4.526090292133804,2020-06-12
133,Russia,4.524720120237245,2020-06-13
134,Russia,4.5233499483406865,2020-06-14
135,Russia,4.521979776444128,2020-06-15
136,Russia,4.520609604547569,2020-06-16
137,Russia,4.51923943265101,2020-06-17
138,Russia,4.517869260754451,2020-06-18
139,Russia,4.516499088857892,2020-06-19
140,Russia,4.515128916961333,2020-06-20
141,Russia,4.5137587450647745,2020-06-21
142,Russia,4.512388573168216,2020-06-22
143,Russia,4.511018401271657,2020-06-23
144,Russia,4.509648229375097,2020-06-24
145,Russia,4.508278057478538,2020-06-25
146,Russia,4.506907885581979,2020-06-26
147,Russia,4.50553771368542,2020-06-27
148,Russia,4.504167541788862,2020-06-28
149,Russia,4.502797369892303,2020-06-29
150,Russia,4.501427197995744,2020-06-30
151,Russia,4.500057026099185,2020-07-01
0,South Africa,2.6667761645174735,2020-02-01
1,South Africa,2.6384506461742,2020-02-02
2,South Africa,2.6101251278309263,2020-02-03
3,South Africa,2.581799609487653,2020-02-04
4,South Africa,2.553474091144379,2020-02-05
5,South Africa,2.525148572801106,2020-02-06
6,South Africa,2.496823054457832,2020-02-07
7,South Africa,2.4684975361145587,2020-02-08
8,South Africa,2.440172017771285,2020-02-09
9,South Africa,2.4118464994280115,2020-02-10
10,South Africa,2.3835209810847378,2020-02-11
11,South Africa,2.3551954627414644,2020-02-12
12,South Africa,2.3268699443981906,2020-02-13
13,South Africa,2.2985444260549173,2020-02-14
14,South Africa,2.2702189077116435,2020-02-15
15,South Africa,2.24189338936837,2020-02-16
16,South Africa,2.213567871025097,2020-02-17
17,South Africa,2.185242352681823,2020-02-18
18,South Africa,2.156916834338549,2020-02-19
19,South Africa,2.128591315995276,2020-02-20
20,South Africa,2.1002657976520025,2020-02-21
21,South Africa,2.0719402793087287,2020-02-22
22,South Africa,2.0436147609654554,2020-02-23
23,South Africa,2.0152892426221816,2020-02-24
24,South Africa,1.9869637242789082,2020-02-25
25,South Africa,1.9586382059356344,2020-02-26
26,South Africa,1.930312687592361,2020-02-27
27,South Africa,1.9019871692490873,2020-02-28
28,South Africa,1.873661650905814,2020-02-29
29,South Africa,1.8453361325625404,2020-03-01
30,South Africa,1.841796597556927,2020-03-02
31,South Africa,1.838257062551314,2020-03-03
32,South Africa,1.8347175275457006,2020-03-04
33,South Africa,1.8311779925400873,2020-03-05
34,South Africa,1.8276384575344742,2020-03-06
35,South Africa,1.8240989225288609,2020-03-07
36,South Africa,1.8205593875232475,2020-03-08
37,South Africa,1.8170198525176344,2020-03-09
38,South Africa,1.813480317512021,2020-03-10
39,South Africa,1.8099407825064078,2020-03-11
40,South Africa,1.8064012475007947,2020-03-12
41,South Africa,1.8028617124951813,2020-03-13
42,South Africa,1.799322177489568,2020-03-14
43,South Africa,1.795782642483955,2020-03-15
44,South Africa,1.7922431074783416,2020-03-16
45,South Africa,1.7887035724727283,2020-03-17
46,South Africa,1.785164037467115,2020-03-18
47,South Africa,1.7816245024615018,2020-03-19
48,South Africa,1.7780849674558885,2020-03-20
49,South Africa,1.7745454324502752,2020-03-21
50,South Africa,1.771005897444662,2020-03-22
51,South Africa,1.7674663624390488,2020-03-23
52,South Africa,1.7639268274334354,2020-03-24
53,South Africa,1.7603872924278223,2020-03-25
54,South Africa,1.756847757422209,2020-03-26
55,South Africa,1.7533082224165957,2020-03-27
56,South Africa,1.7497686874109826,2020-03-28
57,South Africa,1.7462291524053692,2020-03-29
58,South Africa,1.742689617399756,2020-03-30
59,South Africa,1.7391500823941428,2020-03-31
60,South Africa,1.7356105473885295,2020-04-01
61,South Africa,1.7407864278488727,2020-04-02
62,South Africa,1.745962308309216,2020-04-03
63,South Africa,1.7511381887695592,2020-04-04
64,South Africa,1.7563140692299024,2020-04-05
65,South Africa,1.7614899496902456,2020-04-06
66,South Africa,1.7666658301505886,2020-04-07
67,South Africa,1.7718417106109319,2020-04-08
68,South Africa,1.777017591071275,2020-04-09
69,South Africa,1.7821934715316183,2020-04-10
70,South Africa,1.7873693519919616,2020-04-11
71,South Africa,1.7925452324523048,2020-04-12
72,South Africa,1.797721112912648,2020-04-13
73,South Africa,1.8028969933729913,2020-04-14
74,South Africa,1.8080728738333345,2020-04-15
75,South Africa,1.8132487542936775,2020-04-16
76,South Africa,1.8184246347540207,2020-04-17
77,South Africa,1.823600515214364,2020-04-18
78,South Africa,1.8287763956747072,2020-04-19
79,South Africa,1.8339522761350504,2020-04-20
80,South Africa,1.8391281565953936,2020-04-21
81,South Africa,1.8443040370557369,2020-04-22
82,South Africa,1.84947991751608,2020-04-23
83,South Africa,1.8546557979764233,2020-04-24
84,South Africa,1.8598316784367666,2020-04-25
85,South Africa,1.8650075588971098,2020-04-26
86,South Africa,1.8701834393574528,2020-04-27
87,South Africa,1.875359319817796,2020-04-28
88,South Africa,1.8805352002781393,2020-04-29
89,South Africa,1.8857110807384825,2020-04-30
90,South Africa,1.8908869611988257,2020-05-01
91,South Africa,1.9001454673035525,2020-05-02
92,South Africa,1.9094039734082793,2020-05-03
93,South Africa,1.918662479513006,2020-05-04
94,South Africa,1.9279209856177328,2020-05-05
95,South Africa,1.9371794917224596,2020-05-06
96,South Africa,1.9464379978271864,2020-05-07
97,South Africa,1.9556965039319132,2020-05-08
98,South Africa,1.9649550100366397,2020-05-09
99,South Africa,1.9742135161413665,2020-05-10
100,South Africa,1.9834720222460933,2020-05-11
101,South Africa,1.99273052835082,2020-05-12
102,South Africa,2.001989034455547,2020-05-13
103,South Africa,2.011247540560274,2020-05-14
104,South Africa,2.0205060466650004,2020-05-15
105,South Africa,2.029764552769727,2020-05-16
106,South Africa,2.039023058874454,2020-05-17
107,South Africa,2.048281564979181,2020-05-18
108,South Africa,2.0575400710839076,2020-05-19
109,South Africa,2.066798577188634,2020-05-20
110,South Africa,2.076057083293361,2020-05-21
111,South Africa,2.0853155893980877,2020-05-22
112,South Africa,2.0945740955028147,2020-05-23
113,South Africa,2.1038326016075413,2020-05-24
114,South Africa,2.1130911077122683,2020-05-25
115,South Africa,2.122349613816995,2020-05-26
116,South Africa,2.131608119921722,2020-05-27
117,South Africa,2.1408666260264484,2020-05-28
118,South Africa,2.1501251321311754,2020-05-29
119,South Africa,2.159383638235902,2020-05-30
120,South Africa,2.1686421443406285,2020-05-31
121,South Africa,2.1779006504453555,2020-06-01
122,South Africa,2.182393712760234,2020-06-02
123,South Africa,2.1868867750751133,2020-06-03
124,South Africa,2.191379837389992,2020-06-04
125,South Africa,2.1958728997048707,2020-06-05
126,South Africa,2.2003659620197493,2020-06-06
127,South Africa,2.2048590243346284,2020-06-07
128,South Africa,2.209352086649507,2020-06-08
129,South Africa,2.213845148964386,2020-06-09
130,South Africa,2.2183382112792644,2020-06-10
131,South Africa,2.2228312735941436,2020-06-11
132,South Africa,2.2273243359090222,2020-06-12
133,South Africa,2.231817398223901,2020-06-13
134,South Africa,2.2363104605387796,2020-06-14
135,South Africa,2.2408035228536587,2020-06-15
136,South Africa,2.2452965851685374,2020-06-16
137,South Africa,2.249789647483416,2020-06-17
138,South Africa,2.254282709798295,2020-06-18
139,South Africa,2.258775772113174,2020-06-19
140,South Africa,2.2632688344280525,2020-06-20
141,South Africa,2.267761896742931,2020-06-21
142,South Africa,2.2722549590578103,2020-06-22
143,South Africa,2.276748021372689,2020-06-23
144,South Africa,2.2812410836875676,2020-06-24
145,South Africa,2.2857341460024463,2020-06-25
146,South Africa,2.2902272083173254,2020-06-26
147,South Africa,2.294720270632204,2020-06-27
148,South Africa,2.2992133329470827,2020-06-28
149,South Africa,2.303706395261962,2020-06-29
150,South Africa,2.3081994575768405,2020-06-30
151,South Africa,2.312692519891719,2020-07-01
0,Thailand,10.689976927917883,2020-02-01
1,Thailand,10.639896586777503,2020-02-02
2,Thailand,10.589816245637124,2020-02-03
3,Thailand,10.539735904496744,2020-02-04
4,Thailand,10.489655563356365,2020-02-05
5,Thailand,10.439575222215986,2020-02-06
6,Thailand,10.389494881075606,2020-02-07
7,Thailand,10.339414539935227,2020-02-08
8,Thailand,10.28933419879485,2020-02-09
9,Thailand,10.23925385765447,2020-02-10
10,Thailand,10.18917351651409,2020-02-11
11,Thailand,10.139093175373711,2020-02-12
12,Thailand,10.089012834233332,2020-02-13
13,Thailand,10.038932493092952,2020-02-14
14,Thailand,9.988852151952573,2020-02-15
15,Thailand,9.938771810812193,2020-02-16
16,Thailand,9.888691469671814,2020-02-17
17,Thailand,9.838611128531435,2020-02-18
18,Thailand,9.788530787391055,2020-02-19
19,Thailand,9.738450446250676,2020-02-20
20,Thailand,9.688370105110296,2020-02-21
21,Thailand,9.638289763969919,2020-02-22
22,Thailand,9.58820942282954,2020-02-23
23,Thailand,9.53812908168916,2020-02-24
24,Thailand,9.48804874054878,2020-02-25
25,Thailand,9.437968399408401,2020-02-26
26,Thailand,9.387888058268022,2020-02-27
27,Thailand,9.337807717127642,2020-02-28
28,Thailand,9.287727375987263,2020-02-29
29,Thailand,9.237647034846884,2020-03-01
30,Thailand,9.242889391211913,2020-03-02
31,Thailand,9.24813174757694,2020-03-03
32,Thailand,9.253374103941969,2020-03-04
33,Thailand,9.258616460306998,2020-03-05
34,Thailand,9.263858816672025,2020-03-06
35,Thailand,9.269101173037054,2020-03-07
36,Thailand,9.274343529402083,2020-03-08
37,Thailand,9.27958588576711,2020-03-09
38,Thailand,9.28482824213214,2020-03-10
39,Thailand,9.290070598497167,2020-03-11
40,Thailand,9.295312954862196,2020-03-12
41,Thailand,9.300555311227225,2020-03-13
42,Thailand,9.305797667592252,2020-03-14
43,Thailand,9.31104002395728,2020-03-15
44,Thailand,9.31628238032231,2020-03-16
45,Thailand,9.321524736687337,2020-03-17
46,Thailand,9.326767093052366,2020-03-18
47,Thailand,9.332009449417395,2020-03-19
48,Thailand,9.337251805782422,2020-03-20
49,Thailand,9.342494162147451,2020-03-21
50,Thailand,9.34773651851248,2020-03-22
51,Thailand,9.352978874877508,2020-03-23
52,Thailand,9.358221231242537,2020-03-24
53,Thailand,9.363463587607564,2020-03-25
54,Thailand,9.368705943972593,2020-03-26
55,Thailand,9.373948300337622,2020-03-27
56,Thailand,9.379190656702649,2020-03-28
57,Thailand,9.384433013067678,2020-03-29
58,Thailand,9.389675369432707,2020-03-30
59,Thailand,9.394917725797734,2020-03-31
60,Thailand,9.400160082162763,2020-04-01
61,Thailand,9.413551194596483,2020-04-02
62,Thailand,9.426942307030203,2020-04-03
63,Thailand,9.440333419463922,2020-04-04
64,Thailand,9.453724531897644,2020-04-05
65,Thailand,9.467115644331363,2020-04-06
66,Thailand,9.480506756765083,2020-04-07
67,Thailand,9.493897869198802,2020-04-08
68,Thailand,9.507288981632522,2020-04-09
69,Thailand,9.520680094066241,2020-04-10
70,Thailand,9.534071206499961,2020-04-11
71,Thailand,9.54746231893368,2020-04-12
72,Thailand,9.560853431367402,2020-04-13
73,Thailand,9.574244543801122,2020-04-14
74,Thailand,9.587635656234841,2020-04-15
75,Thailand,9.60102676866856,2020-04-16
76,Thailand,9.61441788110228,2020-04-17
77,Thailand,9.627808993536,2020-04-18
78,Thailand,9.64120010596972,2020-04-19
79,Thailand,9.654591218403441,2020-04-20
80,Thailand,9.66798233083716,2020-04-21
81,Thailand,9.68137344327088,2020-04-22
82,Thailand,9.6947645557046,2020-04-23
83,Thailand,9.70815566813832,2020-04-24
84,Thailand,9.721546780572039,2020-04-25
85,Thailand,9.734937893005759,2020-04-26
86,Thailand,9.748329005439478,2020-04-27
87,Thailand,9.7617201178732,2020-04-28
88,Thailand,9.77511123030692,2020-04-29
89,Thailand,9.788502342740639,2020-04-30
90,Thailand,9.801893455174358,2020-05-01
91,Thailand,9.816357576314916,2020-05-02
92,Thailand,9.830821697455473,2020-05-03
93,Thailand,9.84528581859603,2020-05-04
94,Thailand,9.859749939736588,2020-05-05
95,Thailand,9.874214060877145,2020-05-06
96,Thailand,9.888678182017703,2020-05-07
97,Thailand,9.90314230315826,2020-05-08
98,Thailand,9.917606424298818,2020-05-09
99,Thailand,9.932070545439375,2020-05-10
100,Thailand,9.946534666579932,2020-05-11
101,Thailand,9.96099878772049,2020-05-12
102,Thailand,9.975462908861047,2020-05-13
103,Thailand,9.989927030001605,2020-05-14
104,Thailand,10.004391151142162,2020-05-15
105,Thailand,10.01885527228272,2020-05-16
106,Thailand,10.033319393423278,2020-05-17
107,Thailand,10.047783514563836,2020-05-18
108,Thailand,10.062247635704393,2020-05-19
109,Thailand,10.07671175684495,2020-05-20
110,Thailand,10.091175877985508,2020-05-21
111,Thailand,10.105639999126065,2020-05-22
112,Thailand,10.120104120266623,2020-05-23
113,Thailand,10.13456824140718,2020-05-24
114,Thailand,10.149032362547738,2020-05-25
115,Thailand,10.163496483688295,2020-05-26
116,Thailand,10.177960604828852,2020-05-27
117,Thailand,10.19242472596941,2020-05-28
118,Thailand,10.206888847109967,2020-05-29
119,Thailand,10.221352968250525,2020-05-30
120,Thailand,10.235817089391082,2020-05-31
121,Thailand,10.25028121053164,2020-06-01
122,Thailand,10.246570075711299,2020-06-02
123,Thailand,10.242858940890958,2020-06-03
124,Thailand,10.239147806070617,2020-06-04
125,Thailand,10.235436671250277,2020-06-05
126,Thailand,10.231725536429936,2020-06-06
127,Thailand,10.228014401609595,2020-06-07
128,Thailand,10.224303266789255,2020-06-08
129,Thailand,10.220592131968916,2020-06-09
130,Thailand,10.216880997148575,2020-06-10
131,Thailand,10.213169862328234,2020-06-11
132,Thailand,10.209458727507894,2020-06-12
133,Thailand,10.205747592687553,2020-06-13
134,Thailand,10.202036457867212,2020-06-14
135,Thailand,10.198325323046872,2020-06-15
136,Thailand,10.19461418822653,2020-06-16
137,Thailand,10.19090305340619,2020-06-17
138,Thailand,10.18719191858585,2020-06-18
139,Thailand,10.183480783765509,2020-06-19
140,Thailand,10.179769648945168,2020-06-20
141,Thailand,10.176058514124827,2020-06-21
142,Thailand,10.172347379304487,2020-06-22
143,Thailand,10.168636244484146,2020-06-23
144,Thailand,10.164925109663807,2020-06-24
145,Thailand,10.161213974843466,2020-06-25
146,Thailand,10.157502840023126,2020-06-26
147,Thailand,10.153791705202785,2020-06-27
148,Thailand,10.150080570382444,2020-06-28
149,Thailand,10.146369435562104,2020-06-29
150,Thailand,10.142658300741763,2020-06-30
151,Thailand,10.138947165921422,2020-07-01
0,United Kingdom,7.3625136448471284,2020-02-01
1,United Kingdom,7.332069754617148,2020-02-02
2,United Kingdom,7.301625864387168,2020-02-03
3,United Kingdom,7.271181974157187,2020-02-04
4,United Kingdom,7.240738083927207,2020-02-05
5,United Kingdom,7.2102941936972265,2020-02-06
6,United Kingdom,7.179850303467246,2020-02-07
7,United Kingdom,7.149406413237266,2020-02-08
8,United Kingdom,7.118962523007286,2020-02-09
9,United Kingdom,7.088518632777306,2020-02-10
10,United Kingdom,7.058074742547325,2020-02-11
11,United Kingdom,7.027630852317345,2020-02-12
12,United Kingdom,6.997186962087365,2020-02-13
13,United Kingdom,6.966743071857384,2020-02-14
14,United Kingdom,6.936299181627404,2020-02-15
15,United Kingdom,6.905855291397423,2020-02-16
16,United Kingdom,6.875411401167443,2020-02-17
17,United Kingdom,6.844967510937463,2020-02-18
18,United Kingdom,6.814523620707482,2020-02-19
19,United Kingdom,6.784079730477502,2020-02-20
20,United Kingdom,6.753635840247521,2020-02-21
21,United Kingdom,6.723191950017542,2020-02-22
22,United Kingdom,6.6927480597875615,2020-02-23
23,United Kingdom,6.662304169557581,2020-02-24
24,United Kingdom,6.631860279327601,2020-02-25
25,United Kingdom,6.60141638909762,2020-02-26
26,United Kingdom,6.57097249886764,2020-02-27
27,United Kingdom,6.5405286086376595,2020-02-28
28,United Kingdom,6.510084718407679,2020-02-29
29,United Kingdom,6.479640828177699,2020-03-01
30,United Kingdom,6.478954735660749,2020-03-02
31,United Kingdom,6.4782686431438,2020-03-03
32,United Kingdom,6.477582550626851,2020-03-04
33,United Kingdom,6.476896458109901,2020-03-05
34,United Kingdom,6.4762103655929515,2020-03-06
35,United Kingdom,6.475524273076003,2020-03-07
36,United Kingdom,6.474838180559053,2020-03-08
37,United Kingdom,6.4741520880421035,2020-03-09
38,United Kingdom,6.473465995525154,2020-03-10
39,United Kingdom,6.472779903008205,2020-03-11
40,United Kingdom,6.4720938104912555,2020-03-12
41,United Kingdom,6.471407717974306,2020-03-13
42,United Kingdom,6.470721625457356,2020-03-14
43,United Kingdom,6.470035532940408,2020-03-15
44,United Kingdom,6.469349440423458,2020-03-16
45,United Kingdom,6.468663347906508,2020-03-17
46,United Kingdom,6.467977255389559,2020-03-18
47,United Kingdom,6.46729116287261,2020-03-19
48,United Kingdom,6.46660507035566,2020-03-20
49,United Kingdom,6.465918977838711,2020-03-21
50,United Kingdom,6.465232885321761,2020-03-22
51,United Kingdom,6.464546792804812,2020-03-23
52,United Kingdom,6.463860700287863,2020-03-24
53,United Kingdom,6.463174607770913,2020-03-25
54,United Kingdom,6.4624885152539635,2020-03-26
55,United Kingdom,6.461802422737015,2020-03-27
56,United Kingdom,6.461116330220065,2020-03-28
57,United Kingdom,6.4604302377031155,2020-03-29
58,United Kingdom,6.459744145186166,2020-03-30
59,United Kingdom,6.459058052669217,2020-03-31
60,United Kingdom,6.4583719601522676,2020-04-01
61,United Kingdom,6.461094545987543,2020-04-02
62,United Kingdom,6.463817131822819,2020-04-03
63,United Kingdom,6.466539717658095,2020-04-04
64,United Kingdom,6.4692623034933705,2020-04-05
65,United Kingdom,6.471984889328646,2020-04-06
66,United Kingdom,6.474707475163922,2020-04-07
67,United Kingdom,6.477430060999198,2020-04-08
68,United Kingdom,6.4801526468344735,2020-04-09
69,United Kingdom,6.482875232669749,2020-04-10
70,United Kingdom,6.485597818505025,2020-04-11
71,United Kingdom,6.488320404340301,2020-04-12
72,United Kingdom,6.491042990175576,2020-04-13
73,United Kingdom,6.493765576010852,2020-04-14
74,United Kingdom,6.496488161846128,2020-04-15
75,United Kingdom,6.4992107476814045,2020-04-16
76,United Kingdom,6.50193333351668,2020-04-17
77,United Kingdom,6.504655919351956,2020-04-18
78,United Kingdom,6.507378505187232,2020-04-19
79,United Kingdom,6.5101010910225074,2020-04-20
80,United Kingdom,6.512823676857783,2020-04-21
81,United Kingdom,6.515546262693059,2020-04-22
82,United Kingdom,6.518268848528335,2020-04-23
83,United Kingdom,6.52099143436361,2020-04-24
84,United Kingdom,6.523714020198886,2020-04-25
85,United Kingdom,6.526436606034162,2020-04-26
86,United Kingdom,6.529159191869438,2020-04-27
87,United Kingdom,6.531881777704713,2020-04-28
88,United Kingdom,6.534604363539989,2020-04-29
89,United Kingdom,6.537326949375265,2020-04-30
90,United Kingdom,6.5400495352105406,2020-05-01
91,United Kingdom,6.546240918094977,2020-05-02
92,United Kingdom,6.5524323009794125,2020-05-03
93,United Kingdom,6.558623683863849,2020-05-04
94,United Kingdom,6.5648150667482845,2020-05-05
95,United Kingdom,6.571006449632721,2020-05-06
96,United Kingdom,6.5771978325171565,2020-05-07
97,United Kingdom,6.583389215401593,2020-05-08
98,United Kingdom,6.589580598286029,2020-05-09
99,United Kingdom,6.595771981170465,2020-05-10
100,United Kingdom,6.601963364054901,2020-05-11
101,United Kingdom,6.608154746939337,2020-05-12
102,United Kingdom,6.614346129823773,2020-05-13
103,United Kingdom,6.62053751270821,2020-05-14
104,United Kingdom,6.626728895592645,2020-05-15
105,United Kingdom,6.632920278477082,2020-05-16
106,United Kingdom,6.639111661361517,2020-05-17
107,United Kingdom,6.645303044245954,2020-05-18
108,United Kingdom,6.651494427130389,2020-05-19
109,United Kingdom,6.657685810014826,2020-05-20
110,United Kingdom,6.663877192899262,2020-05-21
111,United Kingdom,6.670068575783698,2020-05-22
112,United Kingdom,6.676259958668134,2020-05-23
113,United Kingdom,6.68245134155257,2020-05-24
114,United Kingdom,6.688642724437006,2020-05-25
115,United Kingdom,6.694834107321443,2020-05-26
116,United Kingdom,6.701025490205878,2020-05-27
117,United Kingdom,6.707216873090315,2020-05-28
118,United Kingdom,6.71340825597475,2020-05-29
119,United Kingdom,6.7195996388591865,2020-05-30
120,United Kingdom,6.725791021743622,2020-05-31
121,United Kingdom,6.7319824046280585,2020-06-01
122,United Kingdom,6.731794210957603,2020-06-02
123,United Kingdom,6.731606017287148,2020-06-03
124,United Kingdom,6.731417823616693,2020-06-04
125,United Kingdom,6.731229629946238,2020-06-05
126,United Kingdom,6.731041436275783,2020-06-06
127,United Kingdom,6.730853242605328,2020-06-07
128,United Kingdom,6.730665048934872,2020-06-08
129,United Kingdom,6.730476855264417,2020-06-09
130,United Kingdom,6.730288661593962,2020-06-10
131,United Kingdom,6.730100467923506,2020-06-11
132,United Kingdom,6.729912274253051,2020-06-12
133,United Kingdom,6.729724080582597,2020-06-13
134,United Kingdom,6.729535886912141,2020-06-14
135,United Kingdom,6.729347693241686,2020-06-15
136,United Kingdom,6.729159499571231,2020-06-16
137,United Kingdom,6.728971305900775,2020-06-17
138,United Kingdom,6.72878311223032,2020-06-18
139,United Kingdom,6.728594918559865,2020-06-19
140,United Kingdom,6.72840672488941,2020-06-20
141,United Kingdom,6.728218531218955,2020-06-21
142,United Kingdom,6.7280303375485,2020-06-22
143,United Kingdom,6.7278421438780445,2020-06-23
144,United Kingdom,6.727653950207589,2020-06-24
145,United Kingdom,6.727465756537134,2020-06-25
146,United Kingdom,6.7272775628666786,2020-06-26
147,United Kingdom,6.727089369196223,2020-06-27
148,United Kingdom,6.726901175525769,2020-06-28
149,United Kingdom,6.7267129818553135,2020-06-29
150,United Kingdom,6.726524788184858,2020-06-30
151,United Kingdom,6.726336594514403,2020-07-01
0,Untied States,12.004070743236946,2020-02-01
1,Untied States,11.94168901516061,2020-02-02
2,Untied States,11.879307287084274,2020-02-03
3,Untied States,11.816925559007938,2020-02-04
4,Untied States,11.754543830931603,2020-02-05
5,Untied States,11.692162102855265,2020-02-06
6,Untied States,11.62978037477893,2020-02-07
7,Untied States,11.567398646702594,2020-02-08
8,Untied States,11.505016918626259,2020-02-09
9,Untied States,11.442635190549922,2020-02-10
10,Untied States,11.380253462473586,2020-02-11
11,Untied States,11.31787173439725,2020-02-12
12,Untied States,11.255490006320914,2020-02-13
13,Untied States,11.193108278244578,2020-02-14
14,Untied States,11.130726550168243,2020-02-15
15,Untied States,11.068344822091905,2020-02-16
16,Untied States,11.00596309401557,2020-02-17
17,Untied States,10.943581365939234,2020-02-18
18,Untied States,10.881199637862899,2020-02-19
19,Untied States,10.818817909786562,2020-02-20
20,Untied States,10.756436181710226,2020-02-21
21,Untied States,10.694054453633889,2020-02-22
22,Untied States,10.631672725557554,2020-02-23
23,Untied States,10.569290997481218,2020-02-24
24,Untied States,10.506909269404883,2020-02-25
25,Untied States,10.444527541328545,2020-02-26
26,Untied States,10.38214581325221,2020-02-27
27,Untied States,10.319764085175875,2020-02-28
28,Untied States,10.257382357099537,2020-02-29
29,Untied States,10.195000629023202,2020-03-01
30,Untied States,10.148201516337895,2020-03-02
31,Untied States,10.101402403652589,2020-03-03
32,Untied States,10.054603290967282,2020-03-04
33,Untied States,10.007804178281976,2020-03-05
34,Untied States,9.96100506559667,2020-03-06
35,Untied States,9.914205952911361,2020-03-07
36,Untied States,9.867406840226055,2020-03-08
37,Untied States,9.820607727540748,2020-03-09
38,Untied States,9.773808614855442,2020-03-10
39,Untied States,9.727009502170135,2020-03-11
40,Untied States,9.680210389484829,2020-03-12
41,Untied States,9.633411276799523,2020-03-13
42,Untied States,9.586612164114216,2020-03-14
43,Untied States,9.53981305142891,2020-03-15
44,Untied States,9.493013938743603,2020-03-16
45,Untied States,9.446214826058295,2020-03-17
46,Untied States,9.399415713372989,2020-03-18
47,Untied States,9.352616600687682,2020-03-19
48,Untied States,9.305817488002376,2020-03-20
49,Untied States,9.25901837531707,2020-03-21
50,Untied States,9.212219262631763,2020-03-22
51,Untied States,9.165420149946456,2020-03-23
52,Untied States,9.11862103726115,2020-03-24
53,Untied States,9.071821924575843,2020-03-25
54,Untied States,9.025022811890537,2020-03-26
55,Untied States,8.97822369920523,2020-03-27
56,Untied States,8.931424586519922,2020-03-28
57,Untied States,8.884625473834616,2020-03-29
58,Untied States,8.83782636114931,2020-03-30
59,Untied States,8.791027248464003,2020-03-31
60,Untied States,8.744228135778696,2020-04-01
61,Untied States,8.760868701183217,2020-04-02
62,Untied States,8.777509266587739,2020-04-03
63,Untied States,8.794149831992259,2020-04-04
64,Untied States,8.81079039739678,2020-04-05
65,Untied States,8.8274309628013,2020-04-06
66,Untied States,8.844071528205822,2020-04-07
67,Untied States,8.860712093610342,2020-04-08
68,Untied States,8.877352659014862,2020-04-09
69,Untied States,8.893993224419383,2020-04-10
70,Untied States,8.910633789823905,2020-04-11
71,Untied States,8.927274355228425,2020-04-12
72,Untied States,8.943914920632945,2020-04-13
73,Untied States,8.960555486037466,2020-04-14
74,Untied States,8.977196051441988,2020-04-15
75,Untied States,8.993836616846508,2020-04-16
76,Untied States,9.010477182251028,2020-04-17
77,Untied States,9.02711774765555,2020-04-18
78,Untied States,9.04375831306007,2020-04-19
79,Untied States,9.060398878464591,2020-04-20
80,Untied States,9.077039443869111,2020-04-21
81,Untied States,9.093680009273633,2020-04-22
82,Untied States,9.110320574678154,2020-04-23
83,Untied States,9.126961140082674,2020-04-24
84,Untied States,9.143601705487194,2020-04-25
85,Untied States,9.160242270891716,2020-04-26
86,Untied States,9.176882836296237,2020-04-27
87,Untied States,9.193523401700757,2020-04-28
88,Untied States,9.210163967105277,2020-04-29
89,Untied States,9.2268045325098,2020-04-30
90,Untied States,9.24344509791432,2020-05-01
91,Untied States,9.271087887881,2020-05-02
92,Untied States,9.298730677847683,2020-05-03
93,Untied States,9.326373467814363,2020-05-04
94,Untied States,9.354016257781044,2020-05-05
95,Untied States,9.381659047747727,2020-05-06
96,Untied States,9.409301837714407,2020-05-07
97,Untied States,9.436944627681088,2020-05-08
98,Untied States,9.46458741764777,2020-05-09
99,Untied States,9.492230207614451,2020-05-10
100,Untied States,9.519872997581134,2020-05-11
101,Untied States,9.547515787547814,2020-05-12
102,Untied States,9.575158577514495,2020-05-13
103,Untied States,9.602801367481177,2020-05-14
104,Untied States,9.630444157447858,2020-05-15
105,Untied States,9.658086947414539,2020-05-16
106,Untied States,9.685729737381221,2020-05-17
107,Untied States,9.713372527347902,2020-05-18
108,Untied States,9.741015317314583,2020-05-19
109,Untied States,9.768658107281265,2020-05-20
110,Untied States,9.796300897247946,2020-05-21
111,Untied States,9.823943687214626,2020-05-22
112,Untied States,9.851586477181309,2020-05-23
113,Untied States,9.87922926714799,2020-05-24
114,Untied States,9.906872057114672,2020-05-25
115,Untied States,9.934514847081353,2020-05-26
116,Untied States,9.962157637048033,2020-05-27
117,Untied States,9.989800427014716,2020-05-28
118,Untied States,10.017443216981397,2020-05-29
119,Untied States,10.045086006948077,2020-05-30
120,Untied States,10.07272879691476,2020-05-31
121,Untied States,10.10037158688144,2020-06-01
122,Untied States,10.103250609150026,2020-06-02
123,Untied States,10.106129631418613,2020-06-03
124,Untied States,10.109008653687198,2020-06-04
125,Untied States,10.111887675955783,2020-06-05
126,Untied States,10.11476669822437,2020-06-06
127,Untied States,10.117645720492956,2020-06-07
128,Untied States,10.12052474276154,2020-06-08
129,Untied States,10.123403765030128,2020-06-09
130,Untied States,10.126282787298713,2020-06-10
131,Untied States,10.129161809567298,2020-06-11
132,Untied States,10.132040831835885,2020-06-12
133,Untied States,10.13491985410447,2020-06-13
134,Untied States,10.137798876373056,2020-06-14
135,Untied States,10.140677898641643,2020-06-15
136,Untied States,10.143556920910228,2020-06-16
137,Untied States,10.146435943178814,2020-06-17
138,Untied States,10.1493149654474,2020-06-18
139,Untied States,10.152193987715986,2020-06-19
140,Untied States,10.155073009984571,2020-06-20
141,Untied States,10.157952032253158,2020-06-21
142,Untied States,10.160831054521744,2020-06-22
143,Untied States,10.163710076790329,2020-06-23
144,Untied States,10.166589099058916,2020-06-24
145,Untied States,10.169468121327501,2020-06-25
146,Untied States,10.172347143596086,2020-06-26
147,Untied States,10.175226165864673,2020-06-27
148,Untied States,10.178105188133259,2020-06-28
149,Untied States,10.180984210401844,2020-06-29
150,Untied States,10.183863232670431,2020-06-30
151,Untied States,10.186742254939016,2020-07-01
