,index,country,response
0,2020-02-15,Brazil,0.5832273845144105
1,2020-02-16,Brazil,0.6115734947276019
2,2020-02-17,Brazil,0.6398681334520608
3,2020-02-18,Brazil,0.6681011262793115
4,2020-02-19,Brazil,0.6962146135035239
5,2020-02-20,Brazil,0.7242426706860119
6,2020-02-21,Brazil,0.7525235209241457
7,2020-02-22,Brazil,0.7808753159034287
8,2020-02-23,Brazil,0.8088400746195843
9,2020-02-24,Brazil,0.8367379506790993
10,2020-02-25,Brazil,0.8645812766581864
11,2020-02-26,Brazil,0.8923344877260968
12,2020-02-27,Brazil,0.9200531037427222
13,2020-02-28,Brazil,0.9480953095450801
14,2020-02-29,Brazil,0.9762971269187521
15,2020-03-01,Brazil,1.004215783379574
16,2020-03-02,Brazil,1.0152261842323984
17,2020-03-03,Brazil,1.0263063513293331
18,2020-03-04,Brazil,1.0374251431915384
19,2020-03-05,Brazil,1.0486382477401728
20,2020-03-06,Brazil,1.060299596191543
21,2020-03-07,Brazil,1.0722364784352072
22,2020-03-08,Brazil,1.0839929691116263
23,2020-03-09,Brazil,1.0958838521948309
24,2020-03-10,Brazil,1.1079085055125524
25,2020-03-11,Brazil,1.1200108559971134
26,2020-03-12,Brazil,1.1322185887868037
27,2020-03-13,Brazil,1.144855148927117
28,2020-03-14,Brazil,1.1577155232550629
29,2020-03-15,Brazil,1.1703103967861002
30,2020-03-16,Brazil,1.1829208546246117
31,2020-03-17,Brazil,1.1955130725560545
32,2020-03-18,Brazil,1.2079990877927873
33,2020-03-19,Brazil,1.2203768131008728
34,2020-03-20,Brazil,1.2329428130910256
35,2020-03-21,Brazil,1.245468810723564
36,2020-03-22,Brazil,1.2574464997470285
37,2020-03-23,Brazil,1.2691428169096324
38,2020-03-24,Brazil,1.2805151017907166
39,2020-03-25,Brazil,1.2914722226945852
40,2020-03-26,Brazil,1.3020148214422291
41,2020-03-27,Brazil,1.312448188382894
42,2020-03-28,Brazil,1.3225587313653984
43,2020-03-29,Brazil,1.3318586133726962
44,2020-03-30,Brazil,1.3406407149960589
45,2020-03-31,Brazil,1.3488933552612283
46,2020-04-01,Brazil,1.3565608581320125
47,2020-04-02,Brazil,1.3583086670732856
48,2020-04-03,Brazil,1.3598588454621634
49,2020-04-04,Brazil,1.3610423200465513
50,2020-04-05,Brazil,1.361417084840281
51,2020-04-06,Brazil,1.3613222304426529
52,2020-04-07,Brazil,1.3607917163143308
53,2020-04-08,Brazil,1.359813995503869
54,2020-04-09,Brazil,1.3584706787002605
55,2020-04-10,Brazil,1.3571477851429186
56,2020-04-11,Brazil,1.3557105816275983
57,2020-04-12,Brazil,1.353746622184564
58,2020-04-13,Brazil,1.3516191819221812
59,2020-04-14,Brazil,1.3493805543875648
60,2020-04-15,Brazil,1.3470313332458042
61,2020-04-16,Brazil,1.3446588733019538
62,2020-04-17,Brazil,1.3426484831805507
63,2020-04-18,Brazil,1.3408583521999566
64,2020-04-19,Brazil,1.3388628217955625
65,2020-04-20,Brazil,1.3370061892977065
66,2020-04-21,Brazil,1.3353165044035253
67,2020-04-22,Brazil,1.333765467031562
68,2020-04-23,Brazil,1.3324076066716288
69,2020-04-24,Brazil,1.331592278205477
70,2020-04-25,Brazil,1.3311394573993987
71,2020-04-26,Brazil,1.330583925571129
72,2020-04-27,Brazil,1.330230009384139
73,2020-04-28,Brazil,1.3300663137968591
74,2020-04-29,Brazil,1.3300265346327373
75,2020-04-30,Brazil,1.3301295092950736
76,2020-05-01,Brazil,1.3306920201742956
77,2020-05-02,Brazil,1.3195653442353303
78,2020-05-03,Brazil,1.308199976326324
79,2020-05-04,Brazil,1.2968809685878262
80,2020-05-05,Brazil,1.2855830220684439
81,2020-05-06,Brazil,1.2742315540670872
82,2020-05-07,Brazil,1.2628428656955095
83,2020-05-08,Brazil,1.251736922603229
84,2020-05-09,Brazil,1.2407137150652034
85,2020-05-10,Brazil,1.2292977753449774
86,2020-05-11,Brazil,1.2177930123484537
87,2020-05-12,Brazil,1.2061973014104703
88,2020-05-13,Brazil,1.1944629212020241
89,2020-05-14,Brazil,1.1826360073280329
90,2020-05-15,Brazil,1.1710685534127196
91,2020-05-16,Brazil,1.1595939451102621
92,2020-05-17,Brazil,1.1477706250859794
93,2020-05-18,Brazil,1.1359360695105316
94,2020-05-19,Brazil,1.1241205343252116
95,2020-05-20,Brazil,1.1123066830757766
96,2020-05-21,Brazil,1.1005682846129416
97,2020-05-22,Brazil,1.0892815286651496
98,2020-05-23,Brazil,1.0782999600124845
99,2020-05-24,Brazil,1.0671976423399383
100,2020-05-25,Brazil,1.0563227428059978
101,2020-05-26,Brazil,1.045711003326001
102,2020-05-27,Brazil,1.0353452152157745
103,2020-05-28,Brazil,1.0252938873815354
104,2020-05-29,Brazil,1.0159226549980156
105,2020-05-30,Brazil,1.0070694254682757
106,2020-05-31,Brazil,0.9982878660877614
107,2020-06-01,Brazil,0.9899014152878505
108,2020-06-02,Brazil,0.989101679771661
109,2020-06-03,Brazil,0.9886552823473438
110,2020-06-04,Brazil,0.9885964128651743
111,2020-06-05,Brazil,0.9892545361206011
112,2020-06-06,Brazil,0.990430275302201
113,2020-06-07,Brazil,0.9916396506263725
114,2020-06-08,Brazil,0.9931688380555688
115,2020-06-09,Brazil,0.9949888862270893
116,2020-06-10,Brazil,0.9970164793366969
117,2020-06-11,Brazil,0.9992539069450173
118,2020-06-12,Brazil,1.002001758814132
119,2020-06-13,Brazil,1.0050353137913879
120,2020-06-14,Brazil,1.0078492010735038
121,2020-06-15,Brazil,1.0107124918937265
122,2020-06-16,Brazil,1.0135836551605628
123,2020-06-17,Brazil,1.0163714624840803
124,2020-06-18,Brazil,1.0190750035146237
125,2020-06-19,Brazil,1.0219963318444552
126,2020-06-20,Brazil,1.0249167146862335
127,2020-06-21,Brazil,1.0273410707340052
128,2020-06-22,Brazil,1.0295527619790925
129,2020-06-23,Brazil,1.0315281821444175
130,2020-06-24,Brazil,1.0331972374364962
131,2020-06-25,Brazil,1.0345828916382285
132,2020-06-26,Brazil,1.0360133074235915
133,2020-06-27,Brazil,1.0372975689690627
134,2020-06-28,Brazil,1.0379695820646164
135,2020-06-29,Brazil,1.0383423289512046
136,2020-06-30,Brazil,1.038421931404435
137,2020-07-01,Brazil,1.0381676277931136
0,2020-02-15,Canada,0.5994380856929515
1,2020-02-16,Canada,0.6432360767003251
2,2020-02-17,Canada,0.6870238827049047
3,2020-02-18,Canada,0.7308330506710545
4,2020-02-19,Canada,0.7746545049027862
5,2020-02-20,Canada,0.8185286962661111
6,2020-02-21,Canada,0.862562278031425
7,2020-02-22,Canada,0.9065907976623446
8,2020-02-23,Canada,0.9507357691482143
9,2020-02-24,Canada,0.9949687301403216
10,2020-02-25,Canada,1.03932781371915
11,2020-02-26,Canada,1.0838087510504826
12,2020-02-27,Canada,1.1284547785240857
13,2020-02-28,Canada,1.1733731044758375
14,2020-02-29,Canada,1.2183974313446333
15,2020-03-01,Canada,1.2636449037249804
16,2020-03-02,Canada,1.2926372027320072
17,2020-03-03,Canada,1.3218457648924993
18,2020-03-04,Canada,1.351254156010044
19,2020-03-05,Canada,1.380890963953446
20,2020-03-06,Canada,1.410846421426073
21,2020-03-07,Canada,1.440935142355162
22,2020-03-08,Canada,1.4712533398628267
23,2020-03-09,Canada,1.5017431312029919
24,2020-03-10,Canada,1.5324094582655325
25,2020-03-11,Canada,1.5632115362728465
26,2020-03-12,Canada,1.5941532982268685
27,2020-03-13,Canada,1.625300481831549
28,2020-03-14,Canada,1.656443844149731
29,2020-03-15,Canada,1.6876568618292014
30,2020-03-16,Canada,1.7188605117633688
31,2020-03-17,Canada,1.750040650118975
32,2020-03-18,Canada,1.7811398917879577
33,2020-03-19,Canada,1.8121484476091902
34,2020-03-20,Canada,1.8431215564800931
35,2020-03-21,Canada,1.8738429888627008
36,2020-03-22,Canada,1.9043829718412795
37,2020-03-23,Canada,1.934663124202606
38,2020-03-24,Canada,1.964673914537876
39,2020-03-25,Canada,1.9943665410975067
40,2020-03-26,Canada,2.0237436891361575
41,2020-03-27,Canada,2.05287680304715
42,2020-03-28,Canada,2.081569351785875
43,2020-03-29,Canada,2.1099144415346736
44,2020-03-30,Canada,2.1378593696171446
45,2020-03-31,Canada,2.1654226398366463
46,2020-04-01,Canada,2.192585346642523
47,2020-04-02,Canada,2.191660808606474
48,2020-04-03,Canada,2.1904730258054856
49,2020-04-04,Canada,2.1888575991333425
50,2020-04-05,Canada,2.1869393304438995
51,2020-04-06,Canada,2.184696184157219
52,2020-04-07,Canada,2.182175728586172
53,2020-04-08,Canada,2.179385976936908
54,2020-04-09,Canada,2.1763851056718364
55,2020-04-10,Canada,2.1732977097176507
56,2020-04-11,Canada,2.1699770949229595
57,2020-04-12,Canada,2.166561982838295
58,2020-04-13,Canada,2.163040241667429
59,2020-04-14,Canada,2.1594651816588577
60,2020-04-15,Canada,2.1558463382578887
61,2020-04-16,Canada,2.1522392221012305
62,2020-04-17,Canada,2.1487616947141586
63,2020-04-18,Canada,2.1452564676840877
64,2020-04-19,Canada,2.141848095797412
65,2020-04-20,Canada,2.1385070715489105
66,2020-04-21,Canada,2.1352665511435838
67,2020-04-22,Canada,2.1321136256390645
68,2020-04-23,Canada,2.129079605336723
69,2020-04-24,Canada,2.126256964259661
70,2020-04-25,Canada,2.1234624296992184
71,2020-04-26,Canada,2.120794574051023
72,2020-04-27,Canada,2.118198502917302
73,2020-04-28,Canada,2.11568315630738
74,2020-04-29,Canada,2.113213123748002
75,2020-04-30,Canada,2.110799429322465
76,2020-05-01,Canada,2.108516922412286
77,2020-05-02,Canada,2.0944627840400054
78,2020-05-03,Canada,2.0804293242233873
79,2020-05-04,Canada,2.0663540047558406
80,2020-05-05,Canada,2.052241852424199
81,2020-05-06,Canada,2.0380573341487924
82,2020-05-07,Canada,2.023815114496304
83,2020-05-08,Canada,2.009597332466253
84,2020-05-09,Canada,1.9952168758257693
85,2020-05-10,Canada,1.980775006873289
86,2020-05-11,Canada,1.9662259336914314
87,2020-05-12,Canada,1.9515938472061372
88,2020-05-13,Canada,1.936864331647782
89,2020-05-14,Canada,1.9220746143385181
90,2020-05-15,Canada,1.9073303033561615
91,2020-05-16,Canada,1.892468103603032
92,2020-05-17,Canada,1.8776128777320586
93,2020-05-18,Canada,1.8627416585898704
94,2020-05-19,Canada,1.8479001458330497
95,2020-05-20,Canada,1.833093606114752
96,2020-05-21,Canada,1.8183766537672321
97,2020-05-22,Canada,1.8038695704934762
98,2020-05-23,Canada,1.7894206633078529
99,2020-05-24,Canada,1.7751630344597347
100,2020-05-25,Canada,1.761078375707231
101,2020-05-26,Canada,1.747213323626788
102,2020-05-27,Canada,1.7335702976426681
103,2020-05-28,Canada,1.7201972982242486
104,2020-05-29,Canada,1.7072043225406892
105,2020-05-30,Canada,1.6944258939020704
106,2020-05-31,Canada,1.6819780742192174
107,2020-06-01,Canada,1.6698225658886692
108,2020-06-02,Canada,1.6689779880058726
109,2020-06-03,Canada,1.668427462843499
110,2020-06-04,Canada,1.6681925355347884
111,2020-06-05,Canada,1.6683555195505662
112,2020-06-06,Canada,1.6687225312973846
113,2020-06-07,Canada,1.669381017011827
114,2020-06-08,Canada,1.6702643678131501
115,2020-06-09,Canada,1.6713691420647327
116,2020-06-10,Canada,1.6726467985690512
117,2020-06-11,Canada,1.6740943996705901
118,2020-06-12,Canada,1.6757719233716735
119,2020-06-13,Canada,1.6774656631836518
120,2020-06-14,Canada,1.6792460682815245
121,2020-06-15,Canada,1.6810326149790296
122,2020-06-16,Canada,1.6828112251310587
123,2020-06-17,Canada,1.6845261327786645
124,2020-06-18,Canada,1.6861706572358512
125,2020-06-19,Canada,1.6878045221532307
126,2020-06-20,Canada,1.6892172009586375
127,2020-06-21,Canada,1.6904856440839513
128,2020-06-22,Canada,1.6915389828941674
129,2020-06-23,Canada,1.6923757307564617
130,2020-06-24,Canada,1.692955388186249
131,2020-06-25,Canada,1.6932889165303129
132,2020-06-26,Canada,1.6934557264623207
133,2020-06-27,Canada,1.6932666687481897
134,2020-06-28,Canada,1.6928213899042692
135,2020-06-29,Canada,1.6920726548779408
136,2020-06-30,Canada,1.6910431642541823
137,2020-07-01,Canada,1.6897167797073873
0,2020-02-15,Japan,0.36589007046919697
1,2020-02-16,Japan,0.3982146702489118
2,2020-02-17,Japan,0.4305261136865024
3,2020-02-18,Japan,0.46277689600784555
4,2020-02-19,Japan,0.4950414337490372
5,2020-02-20,Japan,0.5273027417791081
6,2020-02-21,Japan,0.5596693463142799
7,2020-02-22,Japan,0.5919719944333366
8,2020-02-23,Japan,0.624465155157182
9,2020-02-24,Japan,0.6569593612676083
10,2020-02-25,Japan,0.6894185611018226
11,2020-02-26,Japan,0.7219275548569364
12,2020-02-27,Japan,0.7544783714527306
13,2020-02-28,Japan,0.7871869145177168
14,2020-02-29,Japan,0.819889444591853
15,2020-03-01,Japan,0.852843898266034
16,2020-03-02,Japan,0.8544258281654127
17,2020-03-03,Japan,0.856034485718892
18,2020-03-04,Japan,0.8577514248080202
19,2020-03-05,Japan,0.859563181760107
20,2020-03-06,Japan,0.861578010442912
21,2020-03-07,Japan,0.8636225075671096
22,2020-03-08,Japan,0.8659431257802801
23,2020-03-09,Japan,0.8683386239635453
24,2020-03-10,Japan,0.8707576219089912
25,2020-03-11,Japan,0.8732663296019805
26,2020-03-12,Japan,0.8758353006936357
27,2020-03-13,Japan,0.8785565302617666
28,2020-03-14,Japan,0.8812404536812384
29,2020-03-15,Japan,0.8841178354871833
30,2020-03-16,Japan,0.8869725888738316
31,2020-03-17,Japan,0.8897396843777798
32,2020-03-18,Japan,0.892473209683029
33,2020-03-19,Japan,0.8951334223838288
34,2020-03-20,Japan,0.8978041087735171
35,2020-03-21,Japan,0.9002897993338532
36,2020-03-22,Japan,0.9028178246879044
37,2020-03-23,Japan,0.9051712486835655
38,2020-03-24,Japan,0.9072868344160554
39,2020-03-25,Japan,0.9092231036829457
40,2020-03-26,Japan,0.9109473315910215
41,2020-03-27,Japan,0.9125527905931321
42,2020-03-28,Japan,0.9138557971341985
43,2020-03-29,Japan,0.9150975484067754
44,2020-03-30,Japan,0.9160767907632756
45,2020-03-31,Japan,0.9167474814986019
46,2020-04-01,Japan,0.9171865112886408
47,2020-04-02,Japan,0.9080334603973252
48,2020-04-03,Japan,0.8987480916222719
49,2020-04-04,Japan,0.8891663803459586
50,2020-04-05,Japan,0.8795488390410515
51,2020-04-06,Japan,0.8697128057302006
52,2020-04-07,Japan,0.8596297425930715
53,2020-04-08,Japan,0.8493926199503168
54,2020-04-09,Japan,0.8390022422193777
55,2020-04-10,Japan,0.8285838447974516
56,2020-04-11,Japan,0.8179835291982336
57,2020-04-12,Japan,0.8074695372445078
58,2020-04-13,Japan,0.7968644180240414
59,2020-04-14,Japan,0.7861422600749766
60,2020-04-15,Japan,0.7753960651975902
61,2020-04-16,Japan,0.7646241204066833
62,2020-04-17,Japan,0.7539466956631067
63,2020-04-18,Japan,0.7432026321975602
64,2020-04-19,Japan,0.7326508185832843
65,2020-04-20,Japan,0.7221026035781968
66,2020-04-21,Japan,0.7115193125859509
67,2020-04-22,Japan,0.7009799377173138
68,2020-04-23,Japan,0.6904678508996263
69,2020-04-24,Japan,0.6800878601146678
70,2020-04-25,Japan,0.6696631656969405
71,2020-04-26,Japan,0.6594372058187759
72,2020-04-27,Japan,0.649206432177424
73,2020-04-28,Japan,0.6389181749252888
74,2020-04-29,Japan,0.6286386593785398
75,2020-04-30,Japan,0.6183400170227191
76,2020-05-01,Japan,0.6081176046259316
77,2020-05-02,Japan,0.593628920489369
78,2020-05-03,Japan,0.5792704144569676
79,2020-05-04,Japan,0.56483560491154
80,2020-05-05,Japan,0.5502712834058681
81,2020-05-06,Japan,0.5356455558952771
82,2020-05-07,Japan,0.5209348251329171
83,2020-05-08,Japan,0.5062410287649151
84,2020-05-09,Japan,0.4913886863739716
85,2020-05-10,Japan,0.47662674283330375
86,2020-05-11,Japan,0.4617612491580676
87,2020-05-12,Japan,0.4467530419829444
88,2020-05-13,Japan,0.4316854881416745
89,2020-05-14,Japan,0.41655114256430004
90,2020-05-15,Japan,0.4014686406224559
91,2020-05-16,Japan,0.3862793851502637
92,2020-05-17,Japan,0.3712490227245606
93,2020-05-18,Japan,0.3561997577134175
94,2020-05-19,Japan,0.34110767249818785
95,2020-05-20,Japan,0.3260701274372426
96,2020-05-21,Japan,0.31109209555888384
97,2020-05-22,Japan,0.2963027594405325
98,2020-05-23,Japan,0.28155193626585273
99,2020-05-24,Japan,0.2671113307432673
100,2020-05-25,Japan,0.25280666873974056
101,2020-05-26,Japan,0.23861488355254323
102,2020-05-27,Japan,0.22463143101909822
103,2020-05-28,Japan,0.21085659015934688
104,2020-05-29,Japan,0.1974120775663728
105,2020-05-30,Japan,0.1841375413430555
106,2020-05-31,Japan,0.171291933132677
107,2020-06-01,Japan,0.1586858090500698
108,2020-06-02,Japan,0.15927930365800158
109,2020-06-03,Japan,0.1601479737768141
110,2020-06-04,Japan,0.16127111573682384
111,2020-06-05,Japan,0.16274812780122616
112,2020-06-06,Japan,0.16439535357499935
113,2020-06-07,Japan,0.16644782368652322
114,2020-06-08,Japan,0.16869194007983168
115,2020-06-09,Japan,0.1710632652264401
116,2020-06-10,Japan,0.173614481921609
117,2020-06-11,Japan,0.17630236909374197
118,2020-06-12,Japan,0.17920511004770567
119,2020-06-13,Japan,0.18211948682460033
120,2020-06-14,Japan,0.1852629470036149
121,2020-06-15,Japan,0.1884065816355811
122,2020-06-16,Japan,0.1914731715141329
123,2020-06-17,Japan,0.19450536297826204
124,2020-06-18,Japan,0.19745281491040245
125,2020-06-19,Japan,0.2003896303570425
126,2020-06-20,Japan,0.20311162428198415
127,2020-06-21,Japan,0.20583841246384438
128,2020-06-22,Japan,0.20834635979536564
129,2020-06-23,Japan,0.21056654564844735
130,2020-06-24,Japan,0.21255280884071404
131,2020-06-25,Japan,0.2142687160729686
132,2020-06-26,Japan,0.2158047702975967
133,2020-06-27,Japan,0.21697541433887757
134,2020-06-28,Japan,0.2180208193035984
135,2020-06-29,Japan,0.21873950120590457
136,2020-06-30,Japan,0.21908592919029957
137,2020-07-01,Japan,0.21913819406484691
0,2020-02-15,Mexico,0.27515993689054774
1,2020-02-16,Mexico,0.30021868504273286
2,2020-02-17,Mexico,0.32518307592256335
3,2020-02-18,Mexico,0.35008933186196334
4,2020-02-19,Mexico,0.3750364730759115
5,2020-02-20,Mexico,0.4001199544263008
6,2020-02-21,Mexico,0.4254321204642011
7,2020-02-22,Mexico,0.45076850942930236
8,2020-02-23,Mexico,0.47640575464136514
9,2020-02-24,Mexico,0.5021122786654821
10,2020-02-25,Mexico,0.5279350606399449
11,2020-02-26,Mexico,0.5539809526533181
12,2020-02-27,Mexico,0.5803499554951328
13,2020-02-28,Mexico,0.6071353610375931
14,2020-02-29,Mexico,0.6341298006696858
15,2020-03-01,Mexico,0.6616029561971599
16,2020-03-02,Mexico,0.6754854630463107
17,2020-03-03,Mexico,0.6896356547192886
18,2020-03-04,Mexico,0.7041409033867145
19,2020-03-05,Mexico,0.7190776953492799
20,2020-03-06,Mexico,0.7345119871746633
21,2020-03-07,Mexico,0.7502055539953805
22,2020-03-08,Mexico,0.7663940840657135
23,2020-03-09,Mexico,0.7827982177826556
24,2020-03-10,Mexico,0.7994108113534475
25,2020-03-11,Mexico,0.8162788976295117
26,2020-03-12,Mexico,0.8334377478383876
27,2020-03-13,Mexico,0.8509119316562046
28,2020-03-14,Mexico,0.8684224020820368
29,2020-03-15,Mexico,0.8861653455736667
30,2020-03-16,Mexico,0.9038239811056519
31,2020-03-17,Mexico,0.9213565731681674
32,2020-03-18,Mexico,0.938779115752749
33,2020-03-19,Mexico,0.9561000756021905
34,2020-03-20,Mexico,0.97332207707107
35,2020-03-21,Mexico,0.990149540665108
36,2020-03-22,Mexico,1.0067680023654235
37,2020-03-23,Mexico,1.02285628541269
38,2020-03-24,Mexico,1.0383747792551645
39,2020-03-25,Mexico,1.0533482743408502
40,2020-03-26,Mexico,1.0678007348537877
41,2020-03-27,Mexico,1.0817568879504318
42,2020-03-28,Mexico,1.0949496403089096
43,2020-03-29,Mexico,1.1075990504729027
44,2020-03-30,Mexico,1.1194240327095564
45,2020-03-31,Mexico,1.130430053777106
46,2020-04-01,Mexico,1.1406912805392828
47,2020-04-02,Mexico,1.134862963725194
48,2020-04-03,Mexico,1.1284469926926333
49,2020-04-04,Mexico,1.121233563069528
50,2020-04-05,Mexico,1.1135007880822556
51,2020-04-06,Mexico,1.105025405719708
52,2020-04-07,Mexico,1.095869471359638
53,2020-04-08,Mexico,1.086161514047527
54,2020-04-09,Mexico,1.076029570526182
55,2020-04-10,Mexico,1.0656010094121893
56,2020-04-11,Mexico,1.0547081913105174
57,2020-04-12,Mexico,1.0436657287261228
58,2020-04-13,Mexico,1.032280556502112
59,2020-04-14,Mexico,1.0206381080529443
60,2020-04-15,Mexico,1.0088830873069563
61,2020-04-16,Mexico,0.9971522594902265
62,2020-04-17,Mexico,0.9855741792544679
63,2020-04-18,Mexico,0.9739749049496789
64,2020-04-19,Mexico,0.9626554627059241
65,2020-04-20,Mexico,0.9514022676250438
66,2020-04-21,Mexico,0.9402737907265584
67,2020-04-22,Mexico,0.929381951857291
68,2020-04-23,Mexico,0.9188256490958331
69,2020-04-24,Mexico,0.9086913279108186
70,2020-04-25,Mexico,0.8987596213026103
71,2020-04-26,Mexico,0.8892838050669738
72,2020-04-27,Mexico,0.8800012544191134
73,2020-04-28,Mexico,0.8709211684834299
74,2020-04-29,Mexico,0.8621070201285699
75,2020-04-30,Mexico,0.8536111188619131
76,2020-05-01,Mexico,0.8454761676482763
77,2020-05-02,Mexico,0.8368437582004287
78,2020-05-03,Mexico,0.8285308548862629
79,2020-05-04,Mexico,0.8202447831702342
80,2020-05-05,Mexico,0.8119706253131618
81,2020-05-06,Mexico,0.8037541414822478
82,2020-05-07,Mexico,0.7956366588894337
83,2020-05-08,Mexico,0.7876568027071249
84,2020-05-09,Mexico,0.7795580747687767
85,2020-05-10,Mexico,0.7715680038353927
86,2020-05-11,Mexico,0.7634100386417959
87,2020-05-12,Mexico,0.7550914408871128
88,2020-05-13,Mexico,0.7466856322116362
89,2020-05-14,Mexico,0.7382663854298928
90,2020-05-15,Mexico,0.7299087493842498
91,2020-05-16,Mexico,0.7213957314413442
92,2020-05-17,Mexico,0.7129964814202614
93,2020-05-18,Mexico,0.7044771697166148
94,2020-05-19,Mexico,0.6958878393925865
95,2020-05-20,Mexico,0.6873437094270649
96,2020-05-21,Mexico,0.678958342571252
97,2020-05-22,Mexico,0.6708435898538703
98,2020-05-23,Mexico,0.6628153574321871
99,2020-05-24,Mexico,0.6551709597631374
100,2020-05-25,Mexico,0.6476992701061599
101,2020-05-26,Mexico,0.6404669640354879
102,2020-05-27,Mexico,0.6335993463757701
103,2020-05-28,Mexico,0.6272131852540399
104,2020-05-29,Mexico,0.6214164723720748
105,2020-05-30,Mexico,0.6160141589257755
106,2020-05-31,Mexico,0.6112856314818647
107,2020-06-01,Mexico,0.6069951357782299
108,2020-06-02,Mexico,0.6110926076256664
109,2020-06-03,Mexico,0.6157525426718902
110,2020-06-04,Mexico,0.621050014736352
111,2020-06-05,Mexico,0.627047048488846
112,2020-06-06,Mexico,0.6334992278874729
113,2020-06-07,Mexico,0.6406341158104194
114,2020-06-08,Mexico,0.6481626724083434
115,2020-06-09,Mexico,0.6560669401453048
116,2020-06-10,Mexico,0.6643824546543549
117,2020-06-11,Mexico,0.6731327709577659
118,2020-06-12,Mexico,0.6823309879367772
119,2020-06-13,Mexico,0.6916872830006975
120,2020-06-14,Mexico,0.7013881833701205
121,2020-06-15,Mexico,0.711108744463445
122,2020-06-16,Mexico,0.7208008884876289
123,2020-06-17,Mexico,0.730476349962383
124,2020-06-18,Mexico,0.740141608036371
125,2020-06-19,Mexico,0.749799681669173
126,2020-06-20,Mexico,0.7591577958023468
127,2020-06-21,Mexico,0.7684066441286985
128,2020-06-22,Mexico,0.7772324211318855
129,2020-06-23,Mexico,0.7856048815695571
130,2020-06-24,Mexico,0.7935598819275693
131,2020-06-25,Mexico,0.8011337940087309
132,2020-06-26,Mexico,0.8083646792670374
133,2020-06-27,Mexico,0.8149992464631275
134,2020-06-28,Mexico,0.8212713342635087
135,2020-06-29,Mexico,0.8269131086480401
136,2020-06-30,Mexico,0.8319422512706245
137,2020-07-01,Mexico,0.8364436116432605
0,2020-02-15,Russia,0.4016361936508446
1,2020-02-16,Russia,0.4239747460982528
2,2020-02-17,Russia,0.44625413672556835
3,2020-02-18,Russia,0.46853649443488
4,2020-02-19,Russia,0.4907983599509027
5,2020-02-20,Russia,0.5130303499330644
6,2020-02-21,Russia,0.5355489151496915
7,2020-02-22,Russia,0.5579560344497541
8,2020-02-23,Russia,0.5802340508494472
9,2020-02-24,Russia,0.602492133504315
10,2020-02-25,Russia,0.6248083930564983
11,2020-02-26,Russia,0.6471744400178459
12,2020-02-27,Russia,0.6695945567571275
13,2020-02-28,Russia,0.6923969798498977
14,2020-02-29,Russia,0.7151931473663176
15,2020-03-01,Russia,0.7379721299434401
16,2020-03-02,Russia,0.7458386672342012
17,2020-03-03,Russia,0.7538792184307974
18,2020-03-04,Russia,0.7620820855387569
19,2020-03-05,Russia,0.7704445286188069
20,2020-03-06,Russia,0.7792840056729062
21,2020-03-07,Russia,0.7881974699925447
22,2020-03-08,Russia,0.7971559457979671
23,2020-03-09,Russia,0.806250877492583
24,2020-03-10,Russia,0.8155362882370305
25,2020-03-11,Russia,0.8249735420748987
26,2020-03-12,Russia,0.834530880888142
27,2020-03-13,Russia,0.844495229664771
28,2020-03-14,Russia,0.854432117367991
29,2020-03-15,Russia,0.8642809210350366
30,2020-03-16,Russia,0.874101913787654
31,2020-03-17,Russia,0.8839191367077914
32,2020-03-18,Russia,0.8936658723182687
33,2020-03-19,Russia,0.9032848741065083
34,2020-03-20,Russia,0.9130408287955545
35,2020-03-21,Russia,0.9224808823507571
36,2020-03-22,Russia,0.9315304219365981
37,2020-03-23,Russia,0.9402405803755558
38,2020-03-24,Russia,0.9486314705848367
39,2020-03-25,Russia,0.9566379172400543
40,2020-03-26,Russia,0.9642098318899759
41,2020-03-27,Russia,0.9716247025264764
42,2020-03-28,Russia,0.9784480255904366
43,2020-03-29,Russia,0.9846288724265824
44,2020-03-30,Russia,0.9902470593897919
45,2020-03-31,Russia,0.9953559345574812
46,2020-04-01,Russia,0.999927556510122
47,2020-04-02,Russia,0.998399078313831
48,2020-04-03,Russia,0.9966445402112356
49,2020-04-04,Russia,0.9942744754399842
50,2020-04-05,Russia,0.9912839768398403
51,2020-04-06,Russia,0.9877989923088784
52,2020-04-07,Russia,0.9839182250776117
53,2020-04-08,Russia,0.9796574338632862
54,2020-04-09,Russia,0.9750483095113651
55,2020-04-10,Russia,0.970449431388972
56,2020-04-11,Russia,0.9655051649028259
57,2020-04-12,Russia,0.9602397259009967
58,2020-04-13,Russia,0.9548029144680266
59,2020-04-14,Russia,0.9493115631469191
60,2020-04-15,Russia,0.9437935051379363
61,2020-04-16,Russia,0.9382862468584348
62,2020-04-17,Russia,0.933147853000305
63,2020-04-18,Russia,0.9280159073015399
64,2020-04-19,Russia,0.9229017735533569
65,2020-04-20,Russia,0.9179366550566082
66,2020-04-21,Russia,0.9132134903021285
67,2020-04-22,Russia,0.9087314803705429
68,2020-04-23,Russia,0.904495419820023
69,2020-04-24,Russia,0.9008273243172473
70,2020-04-25,Russia,0.8973262014305563
71,2020-04-26,Russia,0.8939631707895819
72,2020-04-27,Russia,0.8908284124174175
73,2020-04-28,Russia,0.8879739609699486
74,2020-04-29,Russia,0.8853591211743677
75,2020-04-30,Russia,0.8829506563413725
76,2020-05-01,Russia,0.881035224085279
77,2020-05-02,Russia,0.8763878716409632
78,2020-05-03,Russia,0.8717438613310069
79,2020-05-04,Russia,0.8671701294597884
80,2020-05-05,Russia,0.8627005456648522
81,2020-05-06,Russia,0.8582816580205002
82,2020-05-07,Russia,0.8538730853093686
83,2020-05-08,Russia,0.8497600269325147
84,2020-05-09,Russia,0.8455137182926933
85,2020-05-10,Russia,0.8410870238750121
86,2020-05-11,Russia,0.8365616377484466
87,2020-05-12,Russia,0.8319909052142025
88,2020-05-13,Russia,0.8273450420118413
89,2020-05-14,Russia,0.8226109091393425
90,2020-05-15,Russia,0.8181038284804947
91,2020-05-16,Russia,0.8134272833939029
92,2020-05-17,Russia,0.8085677140099365
93,2020-05-18,Russia,0.8036408952668648
94,2020-05-19,Russia,0.7987339300747882
95,2020-05-20,Russia,0.7938496526036634
96,2020-05-21,Russia,0.789005617833781
97,2020-05-22,Russia,0.7845451797357939
98,2020-05-23,Russia,0.7800965181191675
99,2020-05-24,Russia,0.7756668381487488
100,2020-05-25,Russia,0.7713882428830425
101,2020-05-26,Russia,0.7673593213653529
102,2020-05-27,Russia,0.7635892550327119
103,2020-05-28,Russia,0.7600966238407212
104,2020-05-29,Russia,0.757220417148238
105,2020-05-30,Russia,0.7545791094816394
106,2020-05-31,Russia,0.752165022710833
107,2020-06-01,Russia,0.7500904700808748
108,2020-06-02,Russia,0.7531899480834063
109,2020-06-03,Russia,0.7566840164348081
110,2020-06-04,Russia,0.7605593429307982
111,2020-06-05,Russia,0.7651200991348386
112,2020-06-06,Russia,0.7699477064056506
113,2020-06-07,Russia,0.7749959084205011
114,2020-06-08,Russia,0.7803376503702077
115,2020-06-09,Russia,0.7860077847074294
116,2020-06-10,Russia,0.7919483816437447
117,2020-06-11,Russia,0.7981087998865961
118,2020-06-12,Russia,0.8047579960105269
119,2020-06-13,Russia,0.8114449057877167
120,2020-06-14,Russia,0.8180940926531717
121,2020-06-15,Russia,0.824753133384676
122,2020-06-16,Russia,0.8314357524823981
123,2020-06-17,Russia,0.8380674768704894
124,2020-06-18,Russia,0.844585961738761
125,2020-06-19,Russia,0.851253463179801
126,2020-06-20,Russia,0.8576172901287684
127,2020-06-21,Russia,0.8636054318303179
128,2020-06-22,Russia,0.8692738337355657
129,2020-06-23,Russia,0.8746493377812685
130,2020-06-24,Russia,0.879675064625693
131,2020-06-25,Russia,0.8843103959117915
132,2020-06-26,Russia,0.8888430405609382
133,2020-06-27,Russia,0.8928490268289124
134,2020-06-28,Russia,0.8962878262234835
135,2020-06-29,Russia,0.8992490924822958
136,2020-06-30,Russia,0.9017950420547667
137,2020-07-01,Russia,0.9039052641323959
0,2020-02-15,South Africa,0.525529609265571
1,2020-02-16,South Africa,0.5548006752973342
2,2020-02-17,South Africa,0.5840513720457312
3,2020-02-18,South Africa,0.6132348572345476
4,2020-02-19,South Africa,0.6423681203522542
5,2020-02-20,South Africa,0.6714638340819201
6,2020-02-21,South Africa,0.7009408302365161
7,2020-02-22,South Africa,0.7302574266254718
8,2020-02-23,South Africa,0.7594222866707101
9,2020-02-24,South Africa,0.7886086773965402
10,2020-02-25,South Africa,0.8177891192854012
11,2020-02-26,South Africa,0.8469988468765597
12,2020-02-27,South Africa,0.8762670809987481
13,2020-02-28,South Africa,0.9060269544698951
14,2020-02-29,South Africa,0.9357483325907618
15,2020-03-01,South Africa,0.9654482243118452
16,2020-03-02,South Africa,0.9705186792045517
17,2020-03-03,South Africa,0.9757190916944265
18,2020-03-04,South Africa,0.9810815074524539
19,2020-03-05,South Africa,0.9866277734552684
20,2020-03-06,South Africa,0.9927794617312229
21,2020-03-07,South Africa,0.9989907937970244
22,2020-03-08,South Africa,1.0052592613753721
23,2020-03-09,South Africa,1.0117398189122193
24,2020-03-10,South Africa,1.0183796470890163
25,2020-03-11,South Africa,1.02518190750773
26,2020-03-12,South Africa,1.0321374862373671
27,2020-03-13,South Africa,1.0396355603620524
28,2020-03-14,South Africa,1.0470972168010402
29,2020-03-15,South Africa,1.0544868031005747
30,2020-03-16,South Africa,1.0619268687107024
31,2020-03-17,South Africa,1.0693336782332319
32,2020-03-18,South Africa,1.0766816988388357
33,2020-03-19,South Africa,1.0839360417354837
34,2020-03-20,South Africa,1.0914636746386805
35,2020-03-21,South Africa,1.0986676183739552
36,2020-03-22,South Africa,1.1054987926295632
37,2020-03-23,South Africa,1.1120713565261289
38,2020-03-24,South Africa,1.1182985148110023
39,2020-03-25,South Africa,1.1241571836466522
40,2020-03-26,South Africa,1.1296204903190485
41,2020-03-27,South Africa,1.1350689210896368
42,2020-03-28,South Africa,1.139924330512171
43,2020-03-29,South Africa,1.1441614803565696
44,2020-03-30,South Africa,1.1479229598078016
45,2020-03-31,South Africa,1.1511544664969418
46,2020-04-01,South Africa,1.1538688536354624
47,2020-04-02,South Africa,1.1473625157047924
48,2020-04-03,South Africa,1.140772019819567
49,2020-04-04,South Africa,1.133561058595474
50,2020-04-05,South Africa,1.1257465656883765
51,2020-04-06,South Africa,1.1175127874640047
52,2020-04-07,South Africa,1.1088457252398116
53,2020-04-08,South Africa,1.0997963726182105
54,2020-04-09,South Africa,1.0904117544435614
55,2020-04-10,South Africa,1.081144614703262
56,2020-04-11,South Africa,1.0714859998889283
57,2020-04-12,South Africa,1.061475438458723
58,2020-04-13,South Africa,1.051314599091571
59,2020-04-14,South Africa,1.0410014360926756
60,2020-04-15,South Africa,1.0305932531114361
61,2020-04-16,South Africa,1.0201376954473076
62,2020-04-17,South Africa,1.0100825190209757
63,2020-04-18,South Africa,0.9999083802853463
64,2020-04-19,South Africa,0.9896393425350687
65,2020-04-20,South Africa,0.9794569733133605
66,2020-04-21,South Africa,0.9693350306710613
67,2020-04-22,South Africa,0.959303156482922
68,2020-04-23,South Africa,0.9493785721048917
69,2020-04-24,South Africa,0.9399766077866529
70,2020-04-25,South Africa,0.9305442921820146
71,2020-04-26,South Africa,0.9210716786471898
72,2020-04-27,South Africa,0.9117067638686931
73,2020-04-28,South Africa,0.9023909774873005
74,2020-04-29,South Africa,0.8931236423544393
75,2020-04-30,South Africa,0.8838943830921886
76,2020-05-01,South Africa,0.8750942981252463
77,2020-05-02,South Africa,0.8620674813780527
78,2020-05-03,South Africa,0.8488706861156357
79,2020-05-04,South Africa,0.8356407199409237
80,2020-05-05,South Africa,0.8223127985430134
81,2020-05-06,South Africa,0.8088851248186826
82,2020-05-07,South Africa,0.7953512947054
83,2020-05-08,South Africa,0.7821113457524853
84,2020-05-09,South Africa,0.7686056639167134
85,2020-05-10,South Africa,0.7548264191660086
86,2020-05-11,South Africa,0.7409323841792428
87,2020-05-12,South Africa,0.7268841183971695
88,2020-05-13,South Africa,0.7127079253633575
89,2020-05-14,South Africa,0.6984275738080639
90,2020-05-15,South Africa,0.6844746145632499
91,2020-05-16,South Africa,0.6703215257728106
92,2020-05-17,South Africa,0.6559923744704981
93,2020-05-18,South Africa,0.6416768664050867
94,2020-05-19,South Africa,0.6273647836541012
95,2020-05-20,South Africa,0.6131092345542011
96,2020-05-21,South Africa,0.5989577219207018
97,2020-05-22,South Africa,0.5853618757566208
98,2020-05-23,South Africa,0.5718100953163909
99,2020-05-24,South Africa,0.5583377990319445
100,2020-05-25,South Africa,0.5451411624425946
101,2020-05-26,South Africa,0.5322113496072478
102,2020-05-27,South Africa,0.5195976660436119
103,2020-05-28,South Africa,0.5073386402253597
104,2020-05-29,South Africa,0.49587187845816594
105,2020-05-30,South Africa,0.4846669342574379
106,2020-05-31,South Africa,0.4737358847588409
107,2020-06-01,South Africa,0.46324748626952816
108,2020-06-02,South Africa,0.4579273483572548
109,2020-06-03,South Africa,0.45302532412131047
110,2020-06-04,South Africa,0.448543548830298
111,2020-06-05,South Africa,0.44488152012060445
112,2020-06-06,South Africa,0.44146966543947785
113,2020-06-07,South Africa,0.4382806307570606
114,2020-06-08,South Africa,0.43544414793864084
115,2020-06-09,South Africa,0.4328824619891227
116,2020-06-10,South Africa,0.4305747209928774
117,2020-06-11,South Africa,0.4284893101729126
118,2020-06-12,South Africa,0.42699494945888894
119,2020-06-13,South Africa,0.42549477097585653
120,2020-06-14,South Africa,0.42393804550673275
121,2020-06-15,South Africa,0.42243540826171655
122,2020-06-16,South Africa,0.42089455991080804
123,2020-06-17,South Africa,0.4192848423053914
124,2020-06-18,South Africa,0.4175696687867472
125,2020-06-19,South Africa,0.4161176287882853
126,2020-06-20,South Africa,0.41433648523616995
127,2020-06-21,South Africa,0.41218473756548724
128,2020-06-22,South Africa,0.4097866059852122
129,2020-06-23,South Africa,0.4070674196191777
130,2020-06-24,South Africa,0.4040178158046537
131,2020-06-25,South Africa,0.40062573928160994
132,2020-06-26,South Africa,0.39728707057753443
133,2020-06-27,South Africa,0.39343911222903305
134,2020-06-28,South Africa,0.3890716161080561
135,2020-06-29,South Africa,0.3843412180281889
136,2020-06-30,South Africa,0.3792062726798875
137,2020-07-01,South Africa,0.37369050627605116
0,2020-02-15,Thailand,1.431603945406259
1,2020-02-16,Thailand,1.4887200086821721
2,2020-02-17,Thailand,1.545791779568594
3,2020-02-18,Thailand,1.6026437106134885
4,2020-02-19,Thailand,1.6593045431246978
5,2020-02-20,Thailand,1.7157810578654225
6,2020-02-21,Thailand,1.7724820557715883
7,2020-02-22,Thailand,1.829896871041404
8,2020-02-23,Thailand,1.8857992979265958
9,2020-02-24,Thailand,1.9414180131915462
10,2020-02-25,Thailand,1.996619694578344
11,2020-02-26,Thailand,2.0514792052883717
12,2020-02-27,Thailand,2.1060521281438707
13,2020-02-28,Thailand,2.1607974532704812
14,2020-02-29,Thailand,2.216254755383609
15,2020-03-01,Thailand,2.270246777174865
16,2020-03-02,Thailand,2.268725838917998
17,2020-03-03,Thailand,2.26692379734941
18,2020-03-04,Thailand,2.264952982544676
19,2020-03-05,Thailand,2.262900402925073
20,2020-03-06,Thailand,2.261249562909274
21,2020-03-07,Thailand,2.2605569510006767
22,2020-03-08,Thailand,2.2586541343289124
23,2020-03-09,Thailand,2.256816591555248
24,2020-03-10,Thailand,2.2549455282995474
25,2020-03-11,Thailand,2.2531370815716976
26,2020-03-12,Thailand,2.251454224964583
27,2020-03-13,Thailand,2.250349197354531
28,2020-03-14,Thailand,2.2503408003417356
29,2020-03-15,Thailand,2.2492174800165188
30,2020-03-16,Thailand,2.2482072996710922
31,2020-03-17,Thailand,2.2471610181241335
32,2020-03-18,Thailand,2.246122647223908
33,2020-03-19,Thailand,2.24510276481306
34,2020-03-20,Thailand,2.2445023688110215
35,2020-03-21,Thailand,2.244791579931496
36,2020-03-22,Thailand,2.243714071287892
37,2020-03-23,Thailand,2.2424582955594587
38,2020-03-24,Thailand,2.240841690791486
39,2020-03-25,Thailand,2.238882208061117
40,2020-03-26,Thailand,2.2365724110392087
41,2020-03-27,Thailand,2.2343039116456733
42,2020-03-28,Thailand,2.2325464332368874
43,2020-03-29,Thailand,2.229052369320188
44,2020-03-30,Thailand,2.2250279043175194
45,2020-03-31,Thailand,2.22031687952801
46,2020-04-01,Thailand,2.214971755780809
47,2020-04-02,Thailand,2.200878180968582
48,2020-04-03,Thailand,2.186624726828862
49,2020-04-04,Thailand,2.172734550623952
50,2020-04-05,Thailand,2.1570174397139965
51,2020-04-06,Thailand,2.1407395581483843
52,2020-04-07,Thailand,2.123805870199064
53,2020-04-08,Thailand,2.1063296298397667
54,2020-04-09,Thailand,2.088404238752693
55,2020-04-10,Thailand,2.070525294999788
56,2020-04-11,Thailand,2.0532671855868205
57,2020-04-12,Thailand,2.034485154918105
58,2020-04-13,Thailand,2.015483980180999
59,2020-04-14,Thailand,1.9961995001322599
60,2020-04-15,Thailand,1.9767674092279481
61,2020-04-16,Thailand,1.9572946373374833
62,2020-04-17,Thailand,1.938281149100792
63,2020-04-18,Thailand,1.9202965220405002
64,2020-04-19,Thailand,1.9011822351305536
65,2020-04-20,Thailand,1.8822207924098482
66,2020-04-21,Thailand,1.8633179156969124
67,2020-04-22,Thailand,1.844572200314147
68,2020-04-23,Thailand,1.8260475309080224
69,2020-04-24,Thailand,1.8081960637803167
70,2020-04-25,Thailand,1.7915361034570942
71,2020-04-26,Thailand,1.7738557709150449
72,2020-04-27,Thailand,1.7563835517930588
73,2020-04-28,Thailand,1.7389719213722348
74,2020-04-29,Thailand,1.721668402935812
75,2020-04-30,Thailand,1.7044893202574762
76,2020-05-01,Thailand,1.6878440162074693
77,2020-05-02,Thailand,1.6711408248776447
78,2020-05-03,Thailand,1.6532107101848528
79,2020-05-04,Thailand,1.635259548553794
80,2020-05-05,Thailand,1.6171253208051546
81,2020-05-06,Thailand,1.5988495129893803
82,2020-05-07,Thailand,1.5804509879873567
83,2020-05-08,Thailand,1.5623500980931908
84,2020-05-09,Thailand,1.5450473387754773
85,2020-05-10,Thailand,1.5263274228380919
86,2020-05-11,Thailand,1.5074298548501197
87,2020-05-12,Thailand,1.4882322040613634
88,2020-05-13,Thailand,1.4688204436240095
89,2020-05-14,Thailand,1.4492616374851526
90,2020-05-15,Thailand,1.4300267763451036
91,2020-05-16,Thailand,1.4116680961441208
92,2020-05-17,Thailand,1.3920217927594507
93,2020-05-18,Thailand,1.3723772475277318
94,2020-05-19,Thailand,1.35265899592817
95,2020-05-20,Thailand,1.3329958398592119
96,2020-05-21,Thailand,1.3134924151458929
97,2020-05-22,Thailand,1.2946510428486722
98,2020-05-23,Thailand,1.2770482212468455
99,2020-05-24,Thailand,1.2585366912666558
100,2020-05-25,Thailand,1.2404142042979842
101,2020-05-26,Thailand,1.2226052340014437
102,2020-05-27,Thailand,1.2052300365769142
103,2020-05-28,Thailand,1.1883763699167513
104,2020-05-29,Thailand,1.172521693864228
105,2020-05-30,Thailand,1.1582101972124406
106,2020-05-31,Thailand,1.1432555684643475
107,2020-06-01,Thailand,1.128910619525028
108,2020-06-02,Thailand,1.1332252366789888
109,2020-06-03,Thailand,1.1380907575395032
110,2020-06-04,Thailand,1.1435386159812992
111,2020-06-05,Thailand,1.1499884883743796
112,2020-06-06,Thailand,1.1579265367788274
113,2020-06-07,Thailand,1.1651093806788726
114,2020-06-08,Thailand,1.1727348780029594
115,2020-06-09,Thailand,1.1806259071697216
116,2020-06-10,Thailand,1.188801504422317
117,2020-06-11,Thailand,1.197250617620016
118,2020-06-12,Thailand,1.2063562516514388
119,2020-06-13,Thailand,1.2165743074084148
120,2020-06-14,Thailand,1.2256379920470337
121,2020-06-15,Thailand,1.2347288757168915
122,2020-06-16,Thailand,1.243660785202719
123,2020-06-17,Thailand,1.252450891622324
124,2020-06-18,Thailand,1.261093260203829
125,2020-06-19,Thailand,1.2699826478267706
126,2020-06-20,Thailand,1.2795928640538587
127,2020-06-21,Thailand,1.2876805899587556
128,2020-06-22,Thailand,1.2954557487626435
129,2020-06-23,Thailand,1.3027646392226888
130,2020-06-24,Thailand,1.3096602104716766
131,2020-06-25,Thailand,1.3161747683200886
132,2020-06-26,Thailand,1.3227429205144698
133,2020-06-27,Thailand,1.3298790977197967
134,2020-06-28,Thailand,1.3353805642595677
135,2020-06-29,Thailand,1.34049703055131
136,2020-06-30,Thailand,1.345113093883361
137,2020-07-01,Thailand,1.3493178993702344
0,2020-02-15,United Kingdom,0.44466873826597286
1,2020-02-16,United Kingdom,0.47550680872572926
2,2020-02-17,United Kingdom,0.5062864753684977
3,2020-02-18,United Kingdom,0.5370397021182756
4,2020-02-19,United Kingdom,0.5678368546470018
5,2020-02-20,United Kingdom,0.5987265663560057
6,2020-02-21,United Kingdom,0.6298419562413509
7,2020-02-22,United Kingdom,0.6609629177837038
8,2020-02-23,United Kingdom,0.6922285113607689
9,2020-02-24,United Kingdom,0.723584915169261
10,2020-02-25,United Kingdom,0.7550712251747358
11,2020-02-26,United Kingdom,0.7867620209059316
12,2020-02-27,United Kingdom,0.818706996693904
13,2020-02-28,United Kingdom,0.8510370075068163
14,2020-02-29,United Kingdom,0.8835262540562061
15,2020-03-01,United Kingdom,0.9163046437655229
16,2020-03-02,United Kingdom,0.9195479873990351
17,2020-03-03,United Kingdom,0.9230373112987289
18,2020-03-04,United Kingdom,0.926828224067064
19,2020-03-05,United Kingdom,0.9309486118518651
20,2020-03-06,United Kingdom,0.9355050185469675
21,2020-03-07,United Kingdom,0.9402452273966908
22,2020-03-08,United Kingdom,0.9452710731747009
23,2020-03-09,United Kingdom,0.9504869336552142
24,2020-03-10,United Kingdom,0.9558861817755497
25,2020-03-11,United Kingdom,0.9614945034966995
26,2020-03-12,United Kingdom,0.9673103666881602
27,2020-03-13,United Kingdom,0.9734119737374964
28,2020-03-14,United Kingdom,0.9795204042775936
29,2020-03-15,United Kingdom,0.9857129648998448
30,2020-03-16,United Kingdom,0.9918721826325472
31,2020-03-17,United Kingdom,0.9979727122884174
32,2020-03-18,United Kingdom,1.004025052303236
33,2020-03-19,United Kingdom,1.0100163451661315
34,2020-03-20,United Kingdom,1.0160175872987445
35,2020-03-21,United Kingdom,1.021746948509148
36,2020-03-22,United Kingdom,1.027283213354564
37,2020-03-23,United Kingdom,1.0325147785104516
38,2020-03-24,United Kingdom,1.0374264754955185
39,2020-03-25,United Kingdom,1.0420431145792461
40,2020-03-26,United Kingdom,1.0463700291212357
41,2020-03-27,United Kingdom,1.0504999502324033
42,2020-03-28,United Kingdom,1.0541759186961555
43,2020-03-29,United Kingdom,1.0575042549284515
44,2020-03-30,United Kingdom,1.060403030966535
45,2020-03-31,United Kingdom,1.0628883249548133
46,2020-04-01,United Kingdom,1.0650171660516747
47,2020-04-02,United Kingdom,1.0634187834557833
48,2020-04-03,United Kingdom,1.0616268944198142
49,2020-04-04,United Kingdom,1.0594159679988442
50,2020-04-05,United Kingdom,1.0569222819776956
51,2020-04-06,United Kingdom,1.0540918378617299
52,2020-04-07,United Kingdom,1.0509661046329963
53,2020-04-08,United Kingdom,1.047624510031989
54,2020-04-09,United Kingdom,1.0441239809632643
55,2020-04-10,United Kingdom,1.0406048841751296
56,2020-04-11,United Kingdom,1.0368530938427938
57,2020-04-12,United Kingdom,1.0330122245139135
58,2020-04-13,United Kingdom,1.0290314886788732
59,2020-04-14,United Kingdom,1.0249514719594544
60,2020-04-15,United Kingdom,1.0208467433415365
61,2020-04-16,United Kingdom,1.0167655987762503
62,2020-04-17,United Kingdom,1.012836284170893
63,2020-04-18,United Kingdom,1.0088294175421764
64,2020-04-19,United Kingdom,1.0048706403717125
65,2020-04-20,United Kingdom,1.0008889476460787
66,2020-04-21,United Kingdom,0.9969029786652568
67,2020-04-22,United Kingdom,0.9929641742609396
68,2020-04-23,United Kingdom,0.9890970863643984
69,2020-04-24,United Kingdom,0.9854061732451411
70,2020-04-25,United Kingdom,0.9816387874674604
71,2020-04-26,United Kingdom,0.9778983741420371
72,2020-04-27,United Kingdom,0.9740933170333008
73,2020-04-28,United Kingdom,0.970223703489979
74,2020-04-29,United Kingdom,0.9663249037709818
75,2020-04-30,United Kingdom,0.9624082418994178
76,2020-05-01,United Kingdom,0.9585680840052708
77,2020-05-02,United Kingdom,0.9510762483882713
78,2020-05-03,United Kingdom,0.9435017360618678
79,2020-05-04,United Kingdom,0.9357532465582459
80,2020-05-05,United Kingdom,0.927834719965773
81,2020-05-06,United Kingdom,0.9197888168240054
82,2020-05-07,United Kingdom,0.9116374130899141
83,2020-05-08,United Kingdom,0.9034884408063757
84,2020-05-09,United Kingdom,0.8950987819346272
85,2020-05-10,United Kingdom,0.8865872363954246
86,2020-05-11,United Kingdom,0.877883008280083
87,2020-05-12,United Kingdom,0.8690119903484641
88,2020-05-13,United Kingdom,0.8600397540406615
89,2020-05-14,United Kingdom,0.8510115359995085
90,2020-05-15,United Kingdom,0.8420585627973969
91,2020-05-16,United Kingdom,0.8329604323741666
92,2020-05-17,United Kingdom,0.8238575840163227
93,2020-05-18,United Kingdom,0.8146993111349667
94,2020-05-19,United Kingdom,0.8055296065515929
95,2020-05-20,United Kingdom,0.7964297562136222
96,2020-05-21,United Kingdom,0.7874579799655788
97,2020-05-22,United Kingdom,0.7787554674922896
98,2020-05-23,United Kingdom,0.7701085330467663
99,2020-05-24,United Kingdom,0.7616609245049135
100,2020-05-25,United Kingdom,0.7533617432768933
101,2020-05-26,United Kingdom,0.7452512656063677
102,2020-05-27,United Kingdom,0.7374035805713905
103,2020-05-28,United Kingdom,0.7298663414265016
104,2020-05-29,United Kingdom,0.7227669751184935
105,2020-05-30,United Kingdom,0.7158750691127267
106,2020-05-31,United Kingdom,0.7093149655336619
107,2020-06-01,United Kingdom,0.703014012696304
108,2020-06-02,United Kingdom,0.7033683339085002
109,2020-06-03,United Kingdom,0.7040471382974847
110,2020-06-04,United Kingdom,0.7050716276627549
111,2020-06-05,United Kingdom,0.7065420702318672
112,2020-06-06,United Kingdom,0.7082006347819965
113,2020-06-07,United Kingdom,0.7101444302576754
114,2020-06-08,United Kingdom,0.7122741929350234
115,2020-06-09,United Kingdom,0.7145808968719072
116,2020-06-10,United Kingdom,0.7170891881598749
117,2020-06-11,United Kingdom,0.7197979251070219
118,2020-06-12,United Kingdom,0.7227871552361558
119,2020-06-13,United Kingdom,0.7257812351019366
120,2020-06-14,United Kingdom,0.72886211083659
121,2020-06-15,United Kingdom,0.731918198638347
122,2020-06-16,United Kingdom,0.7349311390554192
123,2020-06-17,United Kingdom,0.7379193246347269
124,2020-06-18,United Kingdom,0.7408784830289115
125,2020-06-19,United Kingdom,0.7438886472771546
126,2020-06-20,United Kingdom,0.7466772209017511
127,2020-06-21,United Kingdom,0.7493321581040551
128,2020-06-22,United Kingdom,0.7517507013026421
129,2020-06-23,United Kingdom,0.7539259534617253
130,2020-06-24,United Kingdom,0.755890188847661
131,2020-06-25,United Kingdom,0.7576551887546268
132,2020-06-26,United Kingdom,0.7593189386459169
133,2020-06-27,United Kingdom,0.7606283992747054
134,2020-06-28,United Kingdom,0.7616923770917401
135,2020-06-29,United Kingdom,0.7624299412253164
136,2020-06-30,United Kingdom,0.7628566694659487
137,2020-07-01,United Kingdom,0.7630276317509042
0,2020-02-15,Untied States,0.8206229204048174
1,2020-02-16,Untied States,0.8852689154168711
2,2020-02-17,Untied States,0.9498751660960281
3,2020-02-18,Untied States,1.0144140242794037
4,2020-02-19,Untied States,1.07902264187695
5,2020-02-20,Untied States,1.14369060515045
6,2020-02-21,Untied States,1.2085438511999822
7,2020-02-22,Untied States,1.2732257612057918
8,2020-02-23,Untied States,1.3381528852090039
9,2020-02-24,Untied States,1.4031155078119877
10,2020-02-25,Untied States,1.4680929766485402
11,2020-02-26,Untied States,1.5332277807686001
12,2020-02-27,Untied States,1.5985129633696769
13,2020-02-28,Untied States,1.6640758547538024
14,2020-02-29,Untied States,1.7295590252313264
15,2020-03-01,Untied States,1.7953759169991859
16,2020-03-02,Untied States,1.8457287521854493
17,2020-03-03,Untied States,1.8961717179375803
18,2020-03-04,Untied States,1.9468372626687334
19,2020-03-05,Untied States,1.997706241458662
20,2020-03-06,Untied States,2.0488918179552194
21,2020-03-07,Untied States,2.100020635103366
22,2020-03-08,Untied States,2.151488709788426
23,2020-03-09,Untied States,2.2030622589593527
24,2020-03-10,Untied States,2.2546933751667915
25,2020-03-11,Untied States,2.3064945327112696
26,2020-03-12,Untied States,2.3584265009650913
27,2020-03-13,Untied States,2.4105826411191735
28,2020-03-14,Untied States,2.4625704748919492
29,2020-03-15,Untied States,2.5147679717268243
30,2020-03-16,Untied States,2.5669247535142077
31,2020-03-17,Untied States,2.6189781264654854
32,2020-03-18,Untied States,2.671027913436138
33,2020-03-19,Untied States,2.723024655951871
34,2020-03-20,Untied States,2.775054155632727
35,2020-03-21,Untied States,2.826719237898919
36,2020-03-22,Untied States,2.878396179862733
37,2020-03-23,Untied States,2.929835997957717
38,2020-03-24,Untied States,2.9809805026657994
39,2020-03-25,Untied States,3.031937092643524
40,2020-03-26,Untied States,3.0826668578022964
41,2020-03-27,Untied States,3.1332689626307726
42,2020-03-28,Untied States,3.1833621954978675
43,2020-03-29,Untied States,3.233341129896038
44,2020-03-30,Untied States,3.2829770983471693
45,2020-03-31,Untied States,3.3322338925073893
46,2020-04-01,Untied States,3.381242168822004
47,2020-04-02,Untied States,3.3665474589681885
48,2020-04-03,Untied States,3.3517131551538046
49,2020-04-04,Untied States,3.3363825838242462
50,2020-04-05,Untied States,3.3209744035441418
51,2020-04-06,Untied States,3.305283146244614
52,2020-04-07,Untied States,3.289294502202006
53,2020-04-08,Untied States,3.273159336478102
54,2020-04-09,Untied States,3.256881021993731
55,2020-04-10,Untied States,3.240599076003452
56,2020-04-11,Untied States,3.223970000727034
57,2020-04-12,Untied States,3.2074227883420097
58,2020-04-13,Untied States,3.1907593042357636
59,2020-04-14,Untied States,3.173969473891141
60,2020-04-15,Untied States,3.1572052630133953
61,2020-04-16,Untied States,3.1404680366948448
62,2020-04-17,Untied States,3.1238922837470646
63,2020-04-18,Untied States,3.1071266050756687
64,2020-04-19,Untied States,3.0905894232198623
65,2020-04-20,Untied States,3.074069622740055
66,2020-04-21,Untied States,3.0575420415675296
67,2020-04-22,Untied States,3.0411417967294305
68,2020-04-23,Untied States,3.0248520232428966
69,2020-04-24,Untied States,3.0087880046408397
70,2020-04-25,Untied States,2.9925785858254503
71,2020-04-26,Untied States,2.9766223168454253
72,2020-04-27,Untied States,2.960688528574307
73,2020-04-28,Untied States,2.9447332516897706
74,2020-04-29,Untied States,2.928873953814202
75,2020-04-30,Untied States,2.913077665383751
76,2020-05-01,Untied States,2.897445464965596
77,2020-05-02,Untied States,2.8705919830458893
78,2020-05-03,Untied States,2.8439084893491646
79,2020-05-04,Untied States,2.817157513582714
80,2020-05-05,Untied States,2.7902911521509743
81,2020-05-06,Untied States,2.763425909479958
82,2020-05-07,Untied States,2.736530866801525
83,2020-05-08,Untied States,2.709712148007023
84,2020-05-09,Untied States,2.6825945662337976
85,2020-05-10,Untied States,2.655577894698661
86,2020-05-11,Untied States,2.628437959718541
87,2020-05-12,Untied States,2.6011424663820346
88,2020-05-13,Untied States,2.573825532913043
89,2020-05-14,Untied States,2.546475507569671
90,2020-05-15,Untied States,2.5192190441084747
91,2020-05-16,Untied States,2.4917023266465126
92,2020-05-17,Untied States,2.464346895223125
93,2020-05-18,Untied States,2.4369502782696735
94,2020-05-19,Untied States,2.409501351049707
95,2020-05-20,Untied States,2.3821544048876344
96,2020-05-21,Untied States,2.354916509826122
97,2020-05-22,Untied States,2.3279311554034887
98,2020-05-23,Untied States,2.3008590687521018
99,2020-05-24,Untied States,2.2741336692470426
100,2020-05-25,Untied States,2.2475613732544115
101,2020-05-26,Untied States,2.221136674664937
102,2020-05-27,Untied States,2.1950159918131043
103,2020-05-28,Untied States,2.169204868256415
104,2020-05-29,Untied States,2.143841515899986
105,2020-05-30,Untied States,2.1185776023467344
106,2020-05-31,Untied States,2.0938337432104728
107,2020-06-01,Untied States,2.0693999132422896
108,2020-06-02,Untied States,2.0700144687315483
109,2020-06-03,Untied States,2.071046931150441
110,2020-06-04,Untied States,2.072476793164954
111,2020-06-05,Untied States,2.074413654037727
112,2020-06-06,Untied States,2.0764784192365813
113,2020-06-07,Untied States,2.079059250738622
114,2020-06-08,Untied States,2.081912474443353
115,2020-06-09,Untied States,2.084978361254498
116,2020-06-10,Untied States,2.088355761456091
117,2020-06-11,Untied States,2.0919901672088077
118,2020-06-12,Untied States,2.095958177534527
119,2020-06-13,Untied States,2.0998492523180285
120,2020-06-14,Untied States,2.104022199735592
121,2020-06-15,Untied States,2.1082065939356713
122,2020-06-16,Untied States,2.112319030306475
123,2020-06-17,Untied States,2.1164381892633948
124,2020-06-18,Untied States,2.1204932753843018
125,2020-06-19,Untied States,2.1245487991089735
126,2020-06-20,Untied States,2.1281865813657106
127,2020-06-21,Untied States,2.1317624204773864
128,2020-06-22,Untied States,2.1350076143287477
129,2020-06-23,Untied States,2.1378452425838734
130,2020-06-24,Untied States,2.1403651787009927
131,2020-06-25,Untied States,2.1425123987840173
132,2020-06-26,Untied States,2.1443715561084886
133,2020-06-27,Untied States,2.1455487047020867
134,2020-06-28,Untied States,2.1464276157056013
135,2020-06-29,Untied States,2.146770885159931
136,2020-06-30,Untied States,2.146535744871004
137,2020-07-01,Untied States,2.145848554047106
